"date";"status";"processor";"subcontractor";"organization_type";"volume";"data";"sensitive";"links"
"2016-10-01";"confirmed";"Dailymotion";"";"private_company";"85 millions de personnes";"[""nom d'utilisateur"", 'adresse email', 'Hachage des mots de passe']";"";"[{'text': 'Source', 'href': 'https://thehackernews.com/2016/12/dailymotion-video-hacked.html'}]"
"2024-02-06";"confirmed";"Almerys, Viamedis";"";"private_company";"33 millions de personnes";"['nom, prénom', 'date de naissance', 'numéro de sécurité sociale', 'nom de l’assureur de santé', 'contrat souscrit']";"True";"[{'text': 'Source', 'href': 'https://www.cnil.fr/fr/violation-de-donnees-de-deux-operateurs-de-tiers-payant-la-cnil-ouvre-une-enquete-et-rappelle-aux'}]"
"2024-03-01";"confirmed";"LDLC";"";"private_company";"1,5 millions de personnes";"['nom, prénom', 'adresse email', 'adresse postale', 'numéro de téléphone']";"";"[{'text': 'Source', 'href': 'https://www.01net.com/actualites/les-donnees-de-15-million-de-clients-ldlc-ont-ete-piratees.html'}, {'text': 'Source', 'href': 'https://bonjourlafuite.eu.org/img/ldlc.png'}, {'text': 'Communiqué de presse', 'href': 'https://www.groupe-ldlc.com/information-relative-a-un-incident-de-cybersecurite-2/'}]"
"2024-03-08";"confirmed";"France Travail";"";"public_authority";"43 millions de personnes";"['nom, prénom', 'numéro de sécurité sociale', 'adresse email', 'adresse postale', 'numéro de téléphone', 'identifiants France Travail']";"True";"[{'text': 'Source', 'href': 'https://www.cnil.fr/fr/france-travail-la-cnil-enquete-sur-la-fuite-de-donnees-et-donne-des-conseils-pour-se-proteger'}]"
"2024-04-01";"confirmed";"Latex bio";"";"private_company";"";"['Nom, prénom', 'Adresse e-mail', 'Numéro de téléphone', 'Adresse postale']";"";"['https://bonjourlafuite.eu.org/img/latex-bio.png']"
"2024-04-15";"confirmed";"Le Slip Français";"";"private_company";"1.5 millions de personnes";"['nom', 'prénom', 'téléphones', 'adresse postale', 'adresse email', 'numéros de commandes']";"True";"[{'text': 'Source', 'href': 'https://www.journaldugeek.com/2024/04/18/piratage-que-sait-on-du-hack-massif-de-cette-marque-francaise/'}]"
"2024-04-28";"confirmed";"Ticketmaster";"";"private_company";"560 millions de personnes";"['nom, prénom', 'adresse email', 'adresse postale', 'numéro de téléphone', 'distorique des transactions', 'détails des commandes', 'informations bancaires (4 derniers numéros de la carte enregistrée et date d’expiration)']";"";"[{'text': 'Source', 'href': 'https://www.clubic.com/actualite-528357-millions-de-clients-ticketmaster-pirates-le-geant-mondial-de-la-vente-de-billets-dans-la-tourmente.html'}]"
"2024-09-07";"confirmed";"Boulanger";"";"private_company";"Quelques centaines de milliers de personnes";"['nom, prénom', 'adresse email', 'adresse postale', 'numéro de téléphone']";"";"[{'text': 'Source', 'href': 'https://www.lemondeinformatique.fr/actualites/lire-piratage-de-boulanger-des-centaines-de-milliers-de-clients-touches-94654.html'}, {'text': 'Source', 'href': 'https://bonjourlafuite.eu.org/img/boulanger.png'}]"
"2024-09-10";"confirmed";"Cultura";"";"private_company";"1,5 millions de personnes";"['nom, prénom', 'adresse email', 'adresse postale', 'numéro de téléphone', 'historique des commandes']";"";"[{'text': 'Source', 'href': 'https://next.ink/149551/boulanger-cultura-diviamobilites-les-fuites-de-donnees-se-multiplient/'}]"
"2024-09-12";"confirmed";"Cybertek";"";"private_company";"";"['nom, prénom', 'adresse email', 'adresse postale', 'numéro de téléphone']";"";"[{'text': 'Source', 'href': 'https://next.ink/149926/fuites-de-donnees-cybertek-et-grosbill-entrent-dans-la-danse-truffaut-refuse-de-donner-des-details/'}]"
"2024-09-13";"confirmed";"Assurance retraite";"";"public_authority";"370 000 personnes";"['nom, prénom', 'adresse', 'numéro de Sécurité sociale', 'montant approximatif des ressources']";"True";"[{'text': 'Source', 'href': 'https://www.lemonde.fr/pixels/article/2024/09/13/l-assurance-retraite-s-est-fait-voler-des-donnees-de-370-000-personnes_6316212_4408996.html'}]"
"2024-09-18";"confirmed";"RED by SFR";"";"private_company";"Plusieurs dizaines de milliers de clients";"['nom, prénom', 'adresse email', 'adresse postale', 'numéro de téléphone', 'IBAN', 'type de forfait', 'identifiant de la carte SIM', 'identifiant du smartphone']";"True";"[{'text': 'Source', 'href': 'https://next.ink/brief_article/red-by-sfr-informe-ses-clients-dune-nouvelle-fuite-avec-une-ribambelle-de-donnees/'}]"
"2024-09-30";"confirmed";"Meilleurtaux";"";"private_company";"";"['nom, prénom', 'date de naissance', 'pays de naissance', 'adresse postale', 'numéro de téléphone', 'situation professionnelle', 'situation familiale', 'revenus']";"";"[{'text': 'Source', 'href': 'https://www.numerama.com/cyberguerre/1817354-le-site-meilleurtaux-a-subi-une-cyberattaque-attention-aux-tentatives-de-phishing.html'}]"
"2024-10-24";"confirmed";"Ornikar";"";"private_company";"4,2 millions de personnes";"['nom, prénom', 'date de naissance', 'adresse email', 'adresse postale', 'numéro de téléphone']";"";"[{'text': 'Source', 'href': 'https://www.numerama.com/cyberguerre/1832130-lauto-ecole-en-ligne-ornikar-victime-dune-cyberattaque-des-infos-personnelles-ont-fuite.html'}]"
"2024-10-25";"confirmed";"Free";"";"private_company";"5,1 millions de personnes";"['nom, prénom', 'date de naissance', 'lieu de naissance', 'adresse email', 'adresse postale', 'IBAN', 'identifiant abonné', 'type d’offre souscrite', 'date de souscription', 'abonnement actif ou non']";"True";"[{'text': 'Source', 'href': 'https://www.clubic.com/actualite-542138-cyberattaque-de-free-les-donnees-fuitees-ont-trouve-preneur-pour-175-000-dollars-voici-ce-que-ca-implique.html'}, {'text': 'Source', 'href': 'https://bonjourlafuite.eu.org/img/free.png'}]"
"2024-10-25";"confirmed";"Free Mobile";"";"private_company";"14,1 millions de personnes";"['nom, prénom', 'date de naissance', 'lieu de naissance', 'adresse email', 'adresse postale', 'identifiant abonné', 'type d’offre souscrite', 'date de souscription', 'abonnement actif ou non']";"True";"[{'text': 'Source', 'href': 'https://www.clubic.com/actualite-542138-cyberattaque-de-free-les-donnees-fuitees-ont-trouve-preneur-pour-175-000-dollars-voici-ce-que-ca-implique.html'}, {'text': 'Source', 'href': 'https://bonjourlafuite.eu.org/img/free-mobile.png'}]"
"2024-11-12";"confirmed";"Picard";"";"private_company";"45 000 personnes";"['nom, prénom', 'date de naissance', 'adresse email', 'adresse postale', 'numéro de téléphone', 'numéro de carte de fidélité', 'points de fidélité', 'bons de réduction', 'historique des commandes', 'tickets de caisse', 'liste d’achats', 'favoris d’achat']";"";"[]"
"2024-11-13";"confirmed";"Molotov";"";"private_company";"10 millions de personnes";"['adresse email', 'nom, prénom', 'date de naissance']";"";"[{'text': 'Source', 'href': 'https://bonjourlafuite.eu.org/img/molotov.jpg'}]"
"2024-11-14";"confirmed";"Huttopia";"";"private_company";"";"['nom, prénom', 'adresse email']";"";"[{'text': 'Source', 'href': 'https://bonjourlafuite.eu.org/img/huttopia.jpg'}]"
"2024-11-18";"confirmed";"Le Point";"";"private_company";"";"['nom', 'adresse email', 'numéro de téléphone', 'adresse postale', 'date de naissance']";"";"[{'text': 'Source', 'href': 'https://www.lepoint.fr/high-tech-internet/apres-la-croix-et-liberation-le-point-victime-d-un-vol-de-donnees-personnelles-18-11-2024-2575566_47.php'}]"
"2024-11-19";"confirmed";"Auchan";"";"private_company";"";"['nom, prénom', 'adresse email', 'adresse postale', 'téléphone', 'composition familiale', 'date de naissance', 'numéro de carte de fidélité, montant de la cagnotte']";"";"[{'text': 'Source', 'href': 'https://bonjourlafuite.eu.org/img/auchan.webp'}]"
"2024-11-19";"confirmed";"Direct Assurance";"";"private_company";"";"['nom', 'adresse email', 'numéros de téléphone', 'IBAN']";"True";"[{'text': 'Source', 'href': 'https://www.zataz.com/cyberattaque-sur-direct-assurance-un-pirate-parle-de-milliers-de-clients-et-prospects-exposes/'}]"
"2024-11-19";"confirmed";"Mediboard";"";"private_company";"750 000 patients";"['nom, prénom', 'date de naissance et de décès', 'genre', 'numéro de téléphone', 'médecin traitant', 'prescriptions médicales', 'identifiant externe', 'historique des soins']";"True";"[{'text': 'Source', 'href': 'https://www.clubic.com/actualite-544139-fichiers-et-dossiers-patients-sensibles-francais-en-fuite-sur-le-dark-web-que-se-passe-t-il.html'}]"
"2024-11-21";"confirmed";"Chambres d’agriculture";"";"public_authority";"";"";"";"[{'text': 'Source', 'href': 'https://www.ladepeche.fr/2024/11/21/info-la-depeche-les-chambres-dagriculture-doccitanie-victimes-dun-piratage-informatique-dampleur-dautres-instances-touchees-en-france-12338652.php'}]"
"2024-11-22";"confirmed";"Companie de Transport Strasbourgeoise";"";"private_company";"";"['inconnu']";"";"[{'text': 'Source', 'href': 'https://bonjourlafuite.eu.org/img/cts.jpg'}]"
"2024-11-23";"confirmed";"Banque de France";"";"public_authority";"";"['identité des employés, poste, salaire', 'identité des clients, comptes bancaires, historique', 'webmail', 'documents stratégiques, rapports financiers']";"True";"[{'text': 'Source', 'href': 'https://bonjourlafuite.eu.org/img/banque-france.png'}]"
"2024-11-24";"confirmed";"SFR";"";"private_company";"3.6 millions de clients";"['nom, prénom', 'adresse email', 'adresse postale, code postal, ville', 'date de naissance, département de naissance', 'numéro de téléphone', '150\xa0000 IBAN']";"True";"[{'text': 'Source', 'href': 'https://bonjourlafuite.eu.org/img/sfr.webp'}]"
"2024-11-26";"confirmed";"JVS";"";"private_company";"";"['nom, prénom', 'adresse email', 'login', 'numéro de téléphone', 'collectivité']";"";"[{'text': 'Source', 'href': 'https://bonjourlafuite.eu.org/img/jvs.webp'}]"
"2024-11-27";"confirmed";"Ze Camping";"";"private_company";"1.6 millions d’utilisateurs";"['nom, prénom', 'login', 'mot de passe hashé', 'date de naissance', 'téléphone', 'adresse postale']";"";"[{'text': 'Source', 'href': 'https://bonjourlafuite.eu.org/img/ze-camping.jpg'}]"
"2024-12-02";"confirmed";"Norauto";"";"private_company";"";"['nom, prénom', 'adresse email', 'adresse postale', 'numéro de téléphone', 'numéro de pièce d’identité']";"";"[{'text': 'Source', 'href': 'https://bonjourlafuite.eu.org/img/norauto.webp'}]"
"2024-12-03";"confirmed";"Guy Demarle";"";"private_company";"";"['nom, prénom', 'adresse postale', 'adresse email', 'numéro de téléphone']";"";"[{'text': 'Source', 'href': 'https://www.01net.com/actualites/nouveau-hack-en-france-les-donnees-de-lenseigne-guy-demarle-ont-ete-volees.html'}]"
"2024-12-04";"confirmed";"Deloitte";"";"private_company";"";"";"";"[{'text': 'Source', 'href': 'https://cybersecuritynews.com/deloitte-hacked/'}]"
"2024-12-10";"confirmed";"LDLC";"";"private_company";"";"";"";"[{'text': 'Source', 'href': 'https://www.groupe-ldlc.com/information-relative-a-un-incident-de-cybersecurite-3/'}]"
"2024-12-12";"confirmed";"Top Achat";"";"private_company";"";"['nom, prénom', 'email', 'addresse']";"";"[{'text': 'Source', 'href': 'https://bonjourlafuite.eu.org/img/topachat.jpg'}]"
"2024-12-20";"confirmed";"Electro Dépôt";"";"private_company";"";"";"";"[{'text': 'Source', 'href': 'https://cybernews.com/security/french-records-exposed-by-mysterious-data-hoarder/'}]"
"2024-12-20";"confirmed";"Go Sport";"";"private_company";"";"";"";"[{'text': 'Source', 'href': 'https://cybernews.com/security/french-records-exposed-by-mysterious-data-hoarder/'}]"
"2024-12-20";"confirmed";"Sport 2000";"";"private_company";"";"";"";"[{'text': 'Source', 'href': 'https://cybernews.com/security/french-records-exposed-by-mysterious-data-hoarder/'}]"
"2024-12-20";"confirmed";"Wakanim";"";"private_company";"";"";"";"[{'text': 'Source', 'href': 'https://cybernews.com/security/french-records-exposed-by-mysterious-data-hoarder/'}]"
"2024-12-25";"confirmed";"Cyberhaven";"";"private_company";"";"";"";"[{'text': 'Source', 'href': 'https://www.lemagit.fr/actualites/366617606/Chaine-logistique-du-logiciel-Cyberhaven-touche-par-une-cyberattaque'}]"
"2024-12-26";"confirmed";"Peugeot";"";"private_company";"";"";"";"[{'text': 'Source', 'href': 'https://www.20minutes.fr/high-tech/4130958-20241226-peugeot-sait-cyberattaque'}]"
"2024-12-27";"confirmed";"Arsoé";"";"private_company";"";"";"";"[{'text': 'Source', 'href': 'https://www.ladepeche.fr/2024/12/27/agriculture-larsoe-specialiste-des-services-numeriques-aux-eleveurs-victime-dune-cyberattaque-12413861.php'}]"
"2024-12-27";"confirmed";"Volkswagen";"";"private_company";"800 000 clients";"['données client', 'localisation']";"";"[{'text': 'Source', 'href': 'https://cybersecuritynews.com/volkswagen-data-breach/'}]"
"2024-12-30";"confirmed";"Atos";"";"private_company";"";"";"";"[{'text': 'Source', 'href': 'https://next.ink/brief_article/le-groupe-de-rancongiciels-space-bears-affirme-avoir-compromis-la-securite-datos/'}]"
"2024-12-31";"confirmed";"Cogitis";"";"private_company";"82Go";"";"";"[{'text': 'Source', 'href': 'https://bonjourlafuite.eu.org/img/cogitis.png'}]"
"2025-01-14";"confirmed";"Fédération Française de Force";"";"federation";"64 512 comptes";"";"";"[{'text': 'Source', 'href': 'https://bonjourlafuite.eu.org/img/ffforce.jpg'}]"
"2025-01-14";"confirmed";"Fédération Française de Roller Skateboard";"";"federation";"";"['nom, prénom', 'adresse email, adresse postale', 'date et lieu de naissance', 'numéro de téléphone', 'numéro de licence']";"";"[{'text': 'Source', 'href': 'https://bonjourlafuite.eu.org/img/ffrs.png'}]"
"2025-01-14";"confirmed";"Kiabi";"";"private_company";"Credential stuffing";"['nom, prénom', 'date de naissance', 'IBAN']";"True";"[{'text': 'Source', 'href': 'https://bonjourlafuite.eu.org/img/kiabi.jpg'}]"
"2025-01-20";"confirmed";"Fédération Française de tir à l'arc";"ITAC";"federation";"625 434 comptes";"['nom, prénom', 'sexe', 'date de naissance', 'adresse postale', 'téléphone', 'adresse email', 'photo de profil']";"";"[{'text': 'Source', 'href': 'https://bonjourlafuite.eu.org/img/ffta.jpg'}]"
"2025-01-23";"confirmed";"Fédération Française de la montagne et de l'escalade";"";"federation";"";"['nom, prénom', 'sexe', 'date de naissance', 'adresse postale', 'téléphone', 'adresse email']";"";"[{'text': 'Source', 'href': 'https://bonjourlafuite.eu.org/img/ffme.png'}]"
"2025-01-24";"confirmed";"E.Leclerc";"";"private_company";"";"['nom, prénom', 'adresse email', 'identifiant d’accès', 'numéro de dossier', 'montant de prime', 'libellé de prestation']";"";"[{'text': 'Source', 'href': 'https://bonjourlafuite.eu.org/img/leclerc.jpg'}]"
"2025-01-24";"confirmed";"Fédération Française Montagne Escalade";"";"federation";"808 881 comptes";"['nom, prénom', 'adresse postale', 'adresse email', 'identifiant', 'date de naissance', 'numéro de téléphone']";"";"[{'text': 'Source', 'href': 'https://bonjourlafuite.eu.org/img/ffme.webp'}]"
"2025-01-27";"confirmed";"AIDES";"";"association";"";"['nom, prénom', 'date de naissance', 'adresse postale, téléphone, adresse email', 'IBAN', 'numéro de sécurité sociale', 'résultat d’examen de santé']";"True";"[{'text': 'Source', 'href': 'https://next.ink/167384/aides-org-pirate-donnees-personnelles-et-bancaires-iban-dans-la-nature/'}, {'text': 'Source', 'href': 'https://bonjourlafuite.eu.org/img/aides.png'}]"
"2025-02-06";"confirmed";"Espace-Recettes.fr Vorwerk";"";"private_company";"";"['nom complet', 'adresse postale, adresse email', 'numéro de téléphone', 'données de préférence Thermomix']";"";"[{'text': 'Source', 'href': 'https://bonjourlafuite.eu.org/img/espace-recettes.png'}]"
"2025-02-11";"confirmed";"King Jouet";"";"private_company";"";"['nom, prénom', 'email', 'numéro de téléphone', 'détail de la commande']";"";"[{'text': 'Source', 'href': 'https://bonjourlafuite.eu.org/img/kingjouet.png'}]"
"2025-02-12";"confirmed";"Caisse des dépôts et des consignations";"";"public_authority";"70 000 personnes";"";"";"[{'text': 'Source', 'href': 'https://www.francetvinfo.fr/internet/securite-sur-internet/cyberattaques/vols-de-donnees-personnelles-a-la-caisse-des-depots-70-000-personnes-concernees-dont-1-000-elus_7070919.html'}]"
"2025-02-12";"confirmed";"Chronopost";"";"private_company";"";"['nom, prénom', 'numéro de téléphone', 'adresse', 'signature']";"True";"[{'text': 'Source', 'href': 'https://next.ink/170278/chronopost-confirme-un-incident-ayant-conduit-a-un-vol-dune-partie-des-donnees-personnelles/'}]"
"2025-02-13";"confirmed";"Mutuelle des motards";"";"private_company";"";"['nom, prénom', 'adresse email', 'numéro de téléphone', 'code postal']";"";"[{'text': 'Source', 'href': 'https://bonjourlafuite.eu.org/img/motards.jpg'}]"
"2025-02-17";"confirmed";"Sport Découverte";"";"private_company";"488 023 comptes";"['nom, prénom', 'date de naissance', 'numéro de téléphone', 'adresse mail']";"";"[{'text': 'Source', 'href': 'https://bonjourlafuite.eu.org/img/sportdecouverte.jpg'}]"
"2025-02-19";"confirmed";"Service Départemental d'Incendie et de Secours de la Vienne";"";"public_authority";"";"['login', 'mot de passe hashé', 'email']";"";"[{'text': 'Source', 'href': 'https://bonjourlafuite.eu.org/img/sdis86.jpg'}]"
"2025-02-21";"confirmed";"Fédération Française de Foot";"";"federation";"";"['nom, prénom', 'genre', 'date et lieu de naissance', 'nationalité', 'adresse postale', 'adresse email', 'numéro de téléphone', 'photo', 'copie du justificatif d’identité']";"True";"[{'text': 'Source', 'href': 'https://bonjourlafuite.eu.org/img/fff.jpg'}]"
"2025-02-26";"confirmed";"Nord Emploi";"";"private_company";"";"['nom, prénom', 'téléphone', 'adresse', 'n° allocataire', 'organisme référent', 'formulaire RSA & CAF', 'CV', 'date ouverture des droits', 'date de cessation d’inscription', 'notification projet personnalisé', 'modalité accompagnement', 'status analphabétisme', 'capacité à utiliser des outils informatiques', 'solution de garde d’enfant', 'soutien par un réseau professionnel', 'nombre de candidatures', 'vie professionnelle', 'expérience associative et professionnelle', 'formations, savoir-faire', 'métiers envisagés', 'centre d’intérêt', 'certification', 'langue', 'connaissance des outils bureautique', 'permis de conduire']";"";"[{'text': 'Source', 'href': 'https://bonjourlafuite.eu.org/img/nordemploi.jpeg'}]"
"2025-02-28";"confirmed";"EDF DPIH";"";"private_company";"";"['plan d’intervention et de maintenance des centrales', 'résultats des contrôles et opérations de sécurité', 'identifiants des agents de maintenance']";"True";"[{'text': 'Source', 'href': 'https://bonjourlafuite.eu.org/img/edf-dpih.jpg'}]"
"2025-02-28";"confirmed";"Zephir";"";"private_company";"67 000 personnes";"['nom, prénom', 'email, téléphone', 'IBAN']";"True";"[{'text': 'Source', 'href': 'https://bonjourlafuite.eu.org/img/zephir.jpg'}]"
"2025-02-28";"confirmed";"École Nationale de la Sécurité";"";"public_authority";"30 000 personnes";"['civilité, nom, prénom', 'date de naissance', 'adresse', 'téléphone, email', 'ville et payes de naissance', 'nationalité', 'numéro de sécurité sociale', 'numéro Pôle Emploi', 'numéro carte VTC', 'diplôme, niveau d’étude']";"True";"[{'text': 'Source', 'href': 'https://bonjourlafuite.eu.org/img/ens.jpg'}]"
"2025-03-04";"confirmed";"Côté Sushi";"";"private_company";"";"['nom, prénom', 'date de naissance', 'coordonnées de contact', 'programme de fidélité']";"";"[{'text': 'Source', 'href': 'https://bonjourlafuite.eu.org/img/cotesushi.png'}]"
"2025-03-04";"confirmed";"La Poste";"";"private_company";"";"['nom, prénom', 'email, adresse postale', 'année de naissance', 'numéro de téléphone']";"";"[{'text': 'Source', 'href': 'https://bonjourlafuite.eu.org/img/laposte.png'}]"
"2025-03-05";"confirmed";"UTwin";"";"private_company";"";"['identité', 'adresse email', 'numéro de téléphone']";"";"[{'text': 'Source', 'href': 'https://bonjourlafuite.eu.org/img/utwin.png'}]"
"2025-03-13";"confirmed";"Laforêt";"";"private_company";"";"['dossier locataire', 'pièces d’identité', 'RIB']";"True";"[{'text': 'Source', 'href': 'https://bonjourlafuite.eu.org/img/laforet.jpg'}]"
"2025-03-18";"confirmed";"Direct Assurance";"";"private_company";"";"";"";"[{'text': 'Source', 'href': 'https://bonjourlafuite.eu.org/img/directassurance.jpg'}]"
"2025-03-20";"confirmed";"Intersport";"";"private_company";"3.4 millions";"['n° de transaction', 'n° de facture', 'n° de référence PayPal', 'code de transaction', 'date de début / date de fin de la transaction', 'transaction débitée ou créditée', 'montant brut de la transaction', 'n° de compte du payeur', 'pseudo de l’acheteur', 'adresse de livraison et de facturation', 'identifiant utilisateur', 'nom et prénom,', 'source de paiement', 'numéro de la carte de fidélité']";"";"[{'text': 'Source', 'href': 'https://bonjourlafuite.eu.org/img/intersport.jpg'}]"
"2025-03-20";"confirmed";"Éclaireuses et Éclaireurs de France";"";"association";"44 000 utilisateurs";"['nom, prénom, genre', 'date et lieu de naissance', 'adresse', 'profession', 'email, téléphone fixe et mobile']";"";"[{'text': 'Source', 'href': 'https://bonjourlafuite.eu.org/img/scoutsdefrance.jpg'}]"
"2025-03-24";"confirmed";"Autosur & Diagnosur";"";"private_company";"";"['nom, prénom', 'adresse email et postale', 'numéro de téléphone', 'place d’immatriculation']";"";"[{'text': 'Source', 'href': 'https://bonjourlafuite.eu.org/img/autosur.jpg'}]"
"2025-03-25";"confirmed";"Cerballiance";"";"private_company";"";"['nom, prénom', 'date de naissance', 'adresse postale', 'numéro de sécurité sociale', 'régime de mutuelle, caisse de mutuelle, date de fin de droit']";"True";"[{'text': 'Source', 'href': 'https://www.clubic.com/actualite-558117-les-laboratoires-francais-cerballiance-ont-ete-victimes-d-une-cyberattaque-voici-les-donnees-qui-ont-fuite.html'}]"
"2025-03-26";"confirmed";"Centrale Nantes";"";"private_company";"";"['rapports & projets privés', 'login et hash des mots de passe utilisateurs', 'code sources', 'documents administratifs']";"";"[{'text': 'Source', 'href': 'https://bonjourlafuite.eu.org/img/centrale-nantes.png'}]"
"2025-03-27";"confirmed";"Oracle Cloud";"";"private_company";"6 millions de clients";"['authentification LDAP', 'serveur SSO', 'clefs d’authentification']";"";"[{'text': 'Source', 'href': 'https://www.lemondeinformatique.fr/actualites/lire-des-clients-confirment-la-fuite-de-donnees-oracle-cloud-96454.html'}]"
"2025-03-28";"confirmed";"MAIF & BPCE";"";"private_company";"";"['nom, genre, date de naissance', 'situation matrimoniale et professionnelle', 'adresse postale, adresse email', 'numéro de téléphone', 'revenus, patrimoine', 'numéro de sociétaire']";"True";"[{'text': 'Source', 'href': 'https://bonjourlafuite.eu.org/img/maif.png'}, {'text': 'Source', 'href': 'https://www.leparisien.fr/economie/votre-argent/fuite-de-donnees-pour-les-clients-maif-et-banque-populaire-caisse-depargne-que-faire-si-vous-etes-concerne-22-03-2025-J56UD4GFSNELRANHK5ICRQ66I4.php'}]"
"2025-04-01";"confirmed";"Reporterre";"";"association";"";"['nom, prénom', 'adresse courriel', 'adresse postale']";"";"[{'text': 'Source', 'href': 'https://bonjourlafuite.eu.org/img/reporterre.jpg'}]"
"2025-04-07";"confirmed";"UTWIN";"";"private_company";"";"['identité', 'adresse email', 'numéro de téléphone']";"";"[{'text': 'Source', 'href': 'https://bonjourlafuite.eu.org/img/utwin.jpg'}]"
"2025-04-11";"confirmed";"Harvest";"";"private_company";"50 000 personnes, 5 000 entreprises";"['gestion de patrimoine']";"True";"[{'text': 'Source', 'href': 'https://www.01net.com/actualites/fuite-massive-france-vol-donnees-bouscule-monde-finance-francaise.html'}]"
"2025-04-15";"confirmed";"Afflelou";"";"private_company";"";"['nom, prénom, date de naissance', 'adresse postale, adresse email', 'numéro de téléphone', 'informations commerciales']";"";"[{'text': 'Source', 'href': 'https://bonjourlafuite.eu.org/img/afflelou-1.jpg'}, {'text': 'Source', 'href': 'https://bonjourlafuite.eu.org/img/afflelou-2.jpg'}]"
"2025-04-15";"confirmed";"Hertz";"";"private_company";"";"['nom', 'coordonnées', 'date de naissance', 'permis de conduire', 'carte de crédit', 'passeport']";"True";"[{'text': 'Source', 'href': 'https://next.ink/brief_article/hertz-sest-fait-derober-des-donnees-clients-permis-passeports-cartes-de-credit/'}]"
"2025-04-18";"confirmed";"Indigo";"";"private_company";"";"['adresse email', 'plaque d’immatriculation', 'nom, prénom', 'numéro de téléphone', 'adresse postale']";"";"[{'text': 'Source', 'href': 'https://bonjourlafuite.eu.org/img/indigo.jpg'}]"
"2025-04-22";"confirmed";"Easy Cash";"";"private_company";"";"['nom, prénom', 'date de naissance']";"";"[{'text': 'Source', 'href': 'https://bonjourlafuite.eu.org/img/easycash.png'}]"
"2025-04-24";"confirmed";"Carrefour Mobile";"";"private_company";"64 000 clients";"['numéro de téléphone', 'adresse email', 'mot de passe', 'adresse', 'numéro de passeport']";"";"[{'text': 'Source', 'href': 'https://www.gondola.be/fr/news/64000-clients-de-carrefour-mobile-victimes-dune-fuite-de-donnees'}]"
"2025-04-30";"confirmed";"Cerballiance";"";"private_company";"";"";"True";"[{'text': 'Source', 'href': 'https://bonjourlafuite.eu.org/img/cerballiance.png'}]"
"2025-05-13";"confirmed";"Dior";"";"private_company";"";"";"";"[{'text': 'Source', 'href': 'https://www.lemonde.fr/pixels/article/2025/05/13/dior-victime-d-un-vol-de-donnees-personnelles-de-clients_6605835_4408996.html'}]"
"2025-05-13";"confirmed";"Pulsy";"";"private_company";"";"['nom, prénom', 'genre', 'date de naissance, commune de naissance', 'adresse postale', 'téléphone', 'email', 'données médicales', 'parcours de soin', 'date et lieux des hospitalisations']";"True";"[{'text': 'Source', 'href': 'https://bonjourlafuite.eu.org/img/pulsy.png'}]"
"2025-05-26";"confirmed";"Autosur";"";"private_company";"";"['nom, prénom', 'adresse email et postale', 'numéro de téléphone', 'numéro de plaque d’immatriculation']";"";"[{'text': 'Source', 'href': 'https://bonjourlafuite.eu.org/img/autosur.png'}]"
"2025-06-03";"confirmed";"Cartier";"";"private_company";"";"['nom', 'adresse courriel', 'pays']";"";"[{'text': 'Source', 'href': 'https://bonjourlafuite.eu.org/img/cartier.jpg'}]"
"2025-06-03";"confirmed";"Kaviari";"";"private_company";"";"['nom, prénom, genre', 'date de naissance', 'adresse mail, adresse postale', 'numéro de téléphone', 'identifiant, mot de passe', 'numéro client', 'historique des commandes']";"";"[{'text': 'Source', 'href': 'https://bonjourlafuite.eu.org/img/kaviari.png'}]"
"2025-06-21";"confirmed";"Disneyland";"";"private_company";"64Go";"";"";"[{'text': 'Source', 'href': 'https://xcancel.com/_SaxX_/status/1936346269737173317'}]"
"2025-06-21";"confirmed";"Hôpital privé de la Loire";"";"private_company";"530 000 patients";"['nom, prénom', 'date de naissance', 'genre', 'adresse postale', 'téléphone', 'NIR', 'documents d’assurance et documents administratifs', 'résultats de consultation']";"True";"[{'text': 'Source', 'href': 'https://xcancel.com/_SaxX_/status/1940667859467645379'}]"
"2025-07-07";"confirmed";"Union Nationale du Sport Scolaire";"";"association";"8 millions d’élèves";"['nom, prénom', 'date de naissance', 'adresse email de l’adhérent et des parents', 'téléphone', 'établissement, classe', 'handicap', 'photo', 'licence', 'activités']";"True";"[{'text': 'Source', 'href': 'https://xcancel.com/_SaxX_/status/1942139268962341112'}]"
"2025-07-11";"confirmed";"Centre National de la Fonction Publique Territoriale";"";"public_authority";"34 000 personnes";"['pièce d’identité', 'IBAN', 'carte vitale', 'contrat de travail', 'situation administrative', 'justificatif de retraite', 'attestation sur l’honneur', 'diplôme', 'CV']";"True";"[{'text': 'Source', 'href': 'https://bonjourlafuite.eu.org/img/cnfpt.jpg'}, {'text': 'Source', 'href': 'https://www.cnfpt.fr/nous-connaitre/nos-formateurs-formatrices/incident-cybersecurite/national'}]"
"2025-07-11";"confirmed";"Louis Vuitton";"";"private_company";"";"['nom, prénom', 'genre', 'pays', 'numéro de téléphone', 'adresse postale', 'adresse email', 'date de naissance', 'données d’achats', 'préférences']";"";"[{'text': 'source', 'href': 'https://next.ink/brief_article/fuite-de-donnees-chez-louis-vuitton-la-france-est-aussi-concernee/'}]"
"2025-07-11";"confirmed";"Sorbonne Université";"";"public_authority";"";"['nom, prénom', 'adresse email personnelle et professionnelle', 'numéro de téléphone', 'adresse postale', 'noms et prénoms du conjoint et des enfants']";"";"[{'text': 'Source', 'href': 'https://bonjourlafuite.eu.org/img/sorbonne.png'}]"
"2025-07-22";"confirmed";"France Travail";"";"public_authority";"";"['nom, prénom', 'adresse email', 'adresse postale', 'numéro de téléphone', 'identifiants France Travail', 'status France Travail']";"";"[{'text': 'Source', 'href': 'https://bonjourlafuite.eu.org/img/france-travail.jpg'}]"
"2025-07-22";"confirmed";"Groupe 5àSec";"";"private_company";"290Go";"";"";"[{'text': 'Source', 'href': 'https://xcancel.com/_SaxX_/status/1947579183875383378'}]"
"2025-07-25";"confirmed";"Orange";"";"private_company";"";"";"";"[{'text': 'Source', 'href': 'https://newsroom.orange.com/le-groupe-orange-annonce-avoir-depose-plainte-lundi-28-juillet-pour-atteinte-a-un-de-ses-systemes-dinformation?lang=fra'}]"
"2025-07-26";"confirmed";"Centre d’études et de recherches sur les qualifications";"";"public_authority";"210 607 personnes";"['Nom, prénom', 'Adresse mail', 'Téléphone']";"";"['https://bonjourlafuite.eu.org/img/cereq.png']"
"2025-08-05";"confirmed";"Pandora";"";"private_company";"";"['nom', 'adresse email']";"";"[{'text': 'Source', 'href': 'https://bonjourlafuite.eu.org/img/pandora.jpg'}]"
"2025-08-06";"confirmed";"Air France";"";"private_company";"";"['nom, prénom', 'information de contact', 'n° et status flying blue', 'objet des demandes formulées']";"";"[{'text': 'Source', 'href': 'https://bonjourlafuite.eu.org/img/air-france.jpg'}]"
"2025-08-06";"confirmed";"Bouygues Telecom";"";"private_company";"6.4 millions de clients";"['coordonnées', 'données contractuelles', 'état civil', 'IBAN']";"True";"[{'text': 'Source', 'href': 'https://bonjourlafuite.eu.org/img/bouygues.png'}]"
"2025-08-08";"confirmed";"Optic 2000";"";"private_company";"";"['civité, nom, prénom', 'numéro de sécurité sociale', 'date de naissance', 'adresse postale', 'n° client', 'n° de téléphone', 'magasin concerné', 'nom de l’opticien']";"True";"[{'text': 'Source', 'href': 'https://bonjourlafuite.eu.org/img/optic2000.png'}]"
"2025-08-12";"confirmed";"Alltricks";"";"private_company";"";"['intrusion liste de diffusion']";"";"[{'text': 'Source', 'href': 'https://bonjourlafuite.eu.org/img/alltricks.png'}]"
"2025-08-12";"confirmed";"France Travail";"";"public_authority";"";"['nom, prénom', 'adresse email', 'numéro de téléphone', 'identifiant technique']";"";"[{'text': 'Source', 'href': 'https://bonjourlafuite.eu.org/img/france-travail.png'}]"
"2025-08-13";"confirmed";"France Link Interactive";"";"private_company";"20Go";"['ransomware']";"";"[{'text': 'Source', 'href': 'https://bonjourlafuite.eu.org/img/francelink.png'}, {'text': 'Source', 'href': 'https://status.francelink.net/rapport-dincident-cyberattaque-du-28-07-2025/'}]"
"2025-08-13";"confirmed";"Google";"";"private_company";"2,25 millions";"";"";"[{'text': 'Source', 'href': 'https://www.01net.com/actualites/fuite-donnees-chez-google-255-millions-dinformations-piratees.html'}]"
"2025-08-13";"confirmed";"Partner Immo";"";"private_company";"";"['ransomware']";"";"[{'text': 'Source', 'href': 'https://bonjourlafuite.eu.org/img/partnerimmo.jpg'}]"
"2025-08-21";"confirmed";"Auchan";"";"private_company";"";"['civilité, nom, prénom', 'email, adresse postale', 'numéro de téléphone', 'numéro de carte de fidélité', 'statut client']";"";"[{'text': 'Source', 'href': 'https://bonjourlafuite.eu.org/img/auchan.jpg'}]"
"2025-09-03";"confirmed";"Eklo";"";"private_company";"";"";"";"[{'text': 'Source', 'href': 'https://bonjourlafuite.eu.org/img/eklo.jpg'}]"
"2025-09-03";"confirmed";"Syma Mobile";"";"private_company";"";"['Nom, prénom', 'Date de naissance', 'Adresse postale', 'Adresse mail', 'Numéro de téléphone']";"";"['https://www.clubic.com/actualite-577542-alerte-cybersecurite-des-bases-de-donnees-d-alain-afflelou-de-syma-mobile-et-du-snu-mises-en-vente-sur-le-dark-web.html', 'https://bonjourlafuite.eu.org/img/syma.png']"
"2025-09-09";"confirmed";"Plex";"";"private_company";"";"['email', 'nom d’utilisateurs', 'mot de passe hachés']";"";"[{'text': 'Source', 'href': 'https://bonjourlafuite.eu.org/img/plex.png'}]"
"2025-09-18";"confirmed";"Clarins";"";"private_company";"100 000+ clients";"['données de contact']";"";"[{'text': 'Source', 'href': 'https://www.usine-digitale.fr/article/clarins-victime-d-une-cyberattaque-les-donnees-personnelles-des-clients-exposees.N2237935'}]"
"2025-09-19";"confirmed";"Fédération Française de Tennis de Table";"";"federation";"";"['numéro de licence', 'nom, prénom, genre', 'date et lieu de naissance', 'nationalité', 'adresse postale', 'adresse email', 'numéro de téléphone']";"";"[{'text': 'Source', 'href': 'https://www.fftt.com/site/actualites/2025-09-19/communique-cyberattaque-et-vol-de-donnees'}]"
"2025-09-20";"confirmed";"Digital Charging Solutions";"";"private_company";"";"['nom', 'adresse mail']";"";"[{'text': 'Source', 'href': 'https://bonjourlafuite.eu.org/img/dcs.jpg'}]"
"2025-09-23";"confirmed";"Inovie Labosud";"";"private_company";"";"['données d’identité', 'données médicales', 'coordonnées de contact', 'information de régime de sécurité sociale et de mutuelle']";"True";"[{'text': 'Source', 'href': 'https://bonjourlafuite.eu.org/img/inovie.jpg'}, {'text': 'Source', 'href': 'https://bonjourlafuite.eu.org/img/inovie-2.jpg'}]"
"2025-09-25";"confirmed";"France Travail";"";"public_authority";"9971 demandeurs d’emploi";"['adresse mail', 'civilité, prénom, nom', 'email du conseiller']";"";"[{'text': 'Source', 'href': 'https://bonjourlafuite.eu.org/img/france-travail-2.jpg'}]"
"2025-09-25";"confirmed";"La Nef";"";"private_company";"";"['adresse mail']";"";"[{'text': 'Source', 'href': 'https://next.ink/201451/la-banque-cooperative-la-nef-alerte-ses-clients-au-sujet-dune-fuite-dadresses-email/'}]"
"2025-10-04";"confirmed";"Discord";"";"private_company";"";"['nom, pseudo', 'informations de paiement', '4 derniers chiffres de la carte bancaire', 'historique des transactions', 'adresse IP', 'message échangé avec le support', 'carte d’identité', 'documents de preuve de majorité']";"True";"[{'text': 'Source', 'href': 'https://next.ink/203013/discord-reconnait-une-fuite-de-donnees-personnelles-et-de-documents-internes/'}]"
"2025-10-06";"confirmed";"France Travail";"";"public_authority";"5 500 demandeurs d’emploi";"['nom, prénom', 'identifiant France Travail', 'catégorie d’inscription', 'adresse mail', 'statut RSA', 'identifiant CIR']";"";"[{'text': 'Source', 'href': 'https://bonjourlafuite.eu.org/img/pole-emploi.png'}]"
"2025-10-12";"confirmed";"Lycées des Hauts-de-France";"";"public_authority";"";"[""pièces d'identité d'élèves"", 'CV', 'relevés de notes']";"True";"[{'text': 'Source', 'href': 'https://www.hautsdefrance.fr/incident-de-cybersecurite-dans-plusieurs-lycees-de-la-region-hauts-de-france/'}, {'text': 'Source', 'href': 'https://xcancel.com/_SaxX_/status/1977773689178337507'}]"
"2025-10-14";"confirmed";"Agence Régionale de Santé des Hauts-de-France";"";"public_authority";"";"['Nom de naissance, nom d’usage, prénom(s)', 'Sexe', 'Date et lieu de naissance', 'Adresse email, numéro de téléphone, adresse postale', 'Numéro de sécurité sociale', 'Nationalité', 'Statut donneur d’organe', 'Dans certains cas, semaines d’aménorrhée à la naissance']";"True";"[{'text': 'Source', 'href': 'https://info.inea.fr/'}, {'text': 'Source', 'href': 'https://www.hauts-de-france.ars.sante.fr/cyberattaque-menee-contre-les-donnees-didentite-des-patients-des-hopitaux-publics-de-la-region'}, {'text': 'Source', 'href': 'https://www.hauts-de-france.ars.sante.fr/une-cyberattaque-dirigee-contre-les-donnees-didentite-des-patients-des-hopitaux-publics-de-la'}]"
"2025-10-15";"confirmed";"Mango";"";"private_company";"";"['prénom', 'pays', 'code postal', 'adresse email', 'numéro de téléphone']";"";"[{'text': 'Source', 'href': 'https://bonjourlafuite.eu.org/img/mango.jpg'}]"
"2025-10-19";"confirmed";"Centre hospitalier intercommunal de Haute-Comté";"";"public_authority";"";"['Ransomware']";"True";"[{'text': 'Source', 'href': 'https://www.pleinair.net/actualites/item/17199-pontarlier-cyberattaque-le-centre-hospitalier-intercommunal-de-haute-comte-contraint-de-couper-son-systeme-informatique'}]"
"2025-10-22";"confirmed";"Agences Régionales de Santé de l’Île-de-france, Auvergne, Rhône-Alpes, Hauts-de-France, Pays de la Loire et Normandie";"";"public_authority";"34 millions de patients";"['dossiers médicaux']";"True";"[{'text': 'Source', 'href': 'https://bonjourlafuite.eu.org/img/ars.jpg'}, {'text': 'Source', 'href': 'https://xcancel.com/_SaxX_/status/1980875468774474221'}]"
"2025-10-23";"confirmed";"Fédération Française de Tir";"ITAC";"federation";"";"['n° de licence', 'état civil', 'adresse postale', 'email', 'numéro de téléphone']";"";"[{'text': 'Source', 'href': 'https://www.fftir.org/communication-relative-a-un-incident-de-securite/'}]"
"2025-10-27";"confirmed";"Poltronesofa";"";"private_company";"";"['Ransomware']";"";"[{'text': 'Source', 'href': 'https://bonjourlafuite.eu.org/img/poltronesofa.jpg'}]"
"2025-10-29";"confirmed";"France Travail";"";"public_authority";"16 479 personnes";"['données d’authentification en clair', 'état civil', 'adresse, n° de téléphone, email', 'carte d’identité', 'RIB', 'contrats de travail', 'avis d’imposition', 'attestion de Sécurité Sociale', 'attestation de formation', 'autorisation de travail']";"True";"[{'text': 'Source', 'href': 'https://www.francebleu.fr/infos/faits-divers-justice/le-site-de-france-travail-victime-d-une-cyberattaque-lundi-des-donnees-ont-ete-extraites-9504464'}]"
"2025-11-07";"confirmed";"MYM";"";"private_company";"5 millions de clients";"['pseudo', 'nom & prénom', 'entreprise', 'adresse postale', 'date de naissance', 'mot de passe (hashé en MD5)', 'email', 'numéro de téléphone', 'adresse IP', 'réseaux sociaux (instagram, facebook, twitter, snapchat)', 'date d’inscription et de dernière connexion']";"True";"[{'text': 'Source', 'href': 'https://xcancel.com/_SaxX_/status/1986701724623548561'}]"
"2025-11-10";"confirmed";"Oui Heberg";"";"private_company";"";"['nom, prénom', 'email', 'adresse', 'téléphone']";"";"[{'text': 'Source', 'href': 'https://bonjourlafuite.eu.org/img/ouiheberg.png'}]"
"2025-11-11";"confirmed";"Fédération Française de Cardiologie";"";"federation";"";"['nom, prénom', 'adresse postale', 'adresse email', 'numéro de téléphone', 'mot de passe']";"";"[{'text': 'Source', 'href': 'https://next.ink/211477/fuite-de-donnees-a-la-federation-francaise-de-cardiologie-y-compris-des-mots-de-passe/'}]"
"2025-11-12";"confirmed";"Weda";"";"private_company";"";"";"True";"[{'text': 'Source', 'href': 'https://bonjourlafuite.eu.org/img/weda-1.jpg'}, {'text': 'Source', 'href': 'https://bonjourlafuite.eu.org/img/weda-2.jpg'}]"
"2025-11-17";"confirmed";"Eurofiber";"";"private_company";"3 600 entreprises (BPCE, Auchan, CGI, Thales, SFR, Orange…)";"['données sensibles d’infrastructures réseau', 'accès VPN', 'credentials', 'code source', 'certificats', 'emails', 'backups SQL']";"";"[{'text': 'Source', 'href': 'https://socradar.io/eurofiber-breach-critical-infrastructure-data-europe/'}, {'text': 'Source', 'href': 'https://www.techzine.eu/news/security/136373/eurofiber-reports-data-breach-in-france-major-customers-affected/'}]"
"2025-11-17";"confirmed";"Mairie de Brest";"RDV360";"public_authority";"50 000 concitoyens";"['nom, prénom', 'adresse postale', 'adresse email', 'numéro de téléphone']";"";"[{'text': 'Source', 'href': 'https://xcancel.com/_SaxX_/status/1990359988280152238'}]"
"2025-11-17";"confirmed";"Pajemploi";"";"public_authority";"1.2 millions de personnes";"['nom, prénom', 'numéro de sécurité sociale', 'adresse postale', 'date et lieu de naissance', 'nom de l’établissement bancaire', 'n° pajemploi et n° d’agrément', 'IBAN']";"True";"[{'text': 'Source', 'href': 'https://www.urssaf.fr/accueil/actualites/pajemploi-vol-de-donnees.html'}]"
"2025-11-18";"confirmed";"Resana";"";"public_authority";"";"";"True";"[{'text': 'Source', 'href': 'https://www.numerama.com/cyberguerre/2120401-chantage-en-cours-sur-des-agents-et-fonctionnaires-de-letat-francais-des-hackers-ont-exfiltre-des-donnees-dune-plateforme-interministerielle.html'}]"
"2025-11-18";"confirmed";"Synbird";"";"private_company";"";"['nom, prénom', 'email', 'numéro de téléphone', 'heure, date et lieu de rendez-vous']";"True";"[{'text': 'Source', 'href': 'https://france3-regions.franceinfo.fr/bretagne/finistere/quimper/vol-massif-de-donnees-en-bretagne-au-moins-cinq-communes-touchees-l-enquete-s-accelere-voici-ce-que-l-on-sait-3252205.html'}]"
"2025-11-19";"confirmed";"Mairie d’Alfortville";"RDV360";"public_authority";"";"['nom, prénom', 'adresse email', 'numéro de téléphone']";"";"[{'text': 'Source', 'href': 'https://bonjourlafuite.eu.org/img/alfortville-1.jpg'}, {'text': 'Source', 'href': 'https://bonjourlafuite.eu.org/img/alfortville-2.jpg'}]"
"2025-11-20";"confirmed";"Suzuki";"";"private_company";"";"['Nom, prénom', 'Adresse email', 'Adresse postale', 'Numéro de téléphone']";"";"['https://www.suzuki.fr/securite-donnees-personnelles', 'https://bonjourlafuite.eu.org/img/suzuki.png']"
"2025-11-21";"confirmed";"Colis Privé";"";"private_company";"";"['nom, prénom', 'adresse postale', 'adresse email', 'numéro de téléphone']";"";"[{'text': 'Source', 'href': 'https://bonjourlafuite.eu.org/img/colisprive.jpeg'}]"
"2025-11-21";"confirmed";"Michelin";"";"private_company";"";"['ransomware', 'données d’entreprise']";"";"[{'text': 'Source', 'href': 'https://botcrawl.com/michelin-data-breach/'}, {'text': 'Source', 'href': 'https://www.dexpose.io/clop-ransomware-hits-french-tyre-giant-michelin/'}]"
"2025-11-21";"confirmed";"Murfy";"";"private_company";"294 075 clients";"['Nom, prénom', 'Adresse email', 'Adresse postale', 'Numéro de téléphone', 'Solde du compte', 'Messages échangées', 'Commentaires', 'Motif des visites', 'Réparateur']";"";"[{'text': 'Source', 'href': 'https://bonjourlafuite.eu.org/img/murfy.jpg'}, {'text': 'Source', 'href': 'https://bonjourlafuite.eu.org/img/murfy.png'}]"
"2025-11-24";"confirmed";"APRS";"Itelis";"private_company";"";"['nom, prénom', 'date de naissance', 'numéro de sécurité sociale', 'dossier de remboursement', 'données de correction visuelle', 'numéro de téléphone']";"True";"[{'text': 'Source', 'href': 'https://bonjourlafuite.eu.org/img/aprs.png'}]"
"2025-11-24";"confirmed";"Mairie de Chatou";"RDV360";"public_authority";"";"['nom, prénom', 'code postal, ville', 'adresse email', 'numéro de téléphone']";"";"[{'text': 'Source', 'href': 'https://bonjourlafuite.eu.org/img/chatou.png'}]"
"2025-11-24";"confirmed";"Mairie de Quimper";"RDV360";"public_authority";"";"['nom, prénom', 'code postal', 'adresse email', 'numéro de téléphone']";"";"[{'text': 'Source', 'href': 'https://www.letelegramme.fr/finistere/quimper-29000/cartes-didentite-passeports-la-ville-de-quimper-cible-dune-cyberattaque-des-milliers-de-donnees-piratees-6931248.php'}]"
"2025-11-24";"confirmed";"Mairie de Saint-Aubin d’Aubigné";"RDV360";"public_authority";"";"['nom, prénom', 'code postal, ville', 'adresse email', 'numéro de téléphone']";"";"[{'text': 'Source', 'href': 'https://bonjourlafuite.eu.org/img/saint-aubin-aubigne.jpg'}]"
"2025-11-24";"confirmed";"Malakoff Humanis";"Itelis";"private_company";"";"['demande de devis', 'prestation d’optique']";"True";"[{'text': 'Source', 'href': 'https://bonjourlafuite.eu.org/img/malakoff.png'}]"
"2025-11-25";"confirmed";"AG2R la Mondiale";"Itelis";"private_company";"";"['nom, prénom', 'date de naissance', 'numéro de sécurité sociale', 'dossier de remboursement', 'données de correction visuelle', 'numéro de téléphone']";"True";"[{'text': 'Source', 'href': 'https://bonjourlafuite.eu.org/img/ag2r.jpg'}]"
"2025-11-25";"confirmed";"Clinique du Millénaire";"Weda";"private_company";"";"['nom, prénom', 'adresse postale', 'adresse email', 'numéro de téléphone', 'données de santé']";"True";"[{'text': 'Source', 'href': 'https://bonjourlafuite.eu.org/img/clinique-millenaire.png'}]"
"2025-11-25";"confirmed";"Fédération Française de Danse";"";"federation";"";"['numéro de licence', 'nom, prénom', 'date de naissance', 'photos', 'adresse postale', 'adresse email', 'numéro de téléphone', 'mot de passe haché']";"";"[{'text': 'Source', 'href': 'https://bonjourlafuite.eu.org/img/ffdanse.png'}]"
"2025-11-25";"confirmed";"Itelis";"";"private_company";"5 millions de patients";"['nom, prénom', 'date de naissance', 'numéro de sécurité sociale', 'dossier de remboursement']";"True";"[{'text': 'Source', 'href': 'https://www.bfmtv.com/tech/cybersecurite/la-plateforme-itelis-a-ete-victime-d-un-piratage-les-donnees-privees-d-utilisateurs-liees-aux-remboursements-de-frais-d-optique-ont-ete-derobees-attention-aux-campagnes-de-phishing_AV-202511240584.html'}]"
"2025-11-25";"confirmed";"MSP du Pré Vicinal";"Weda";"private_company";"";"['nom, prénom', 'adresse postale', 'adresse email', 'numéro de téléphone', 'données de santé']";"True";"[{'text': 'Source', 'href': 'https://bonjourlafuite.eu.org/img/msp-pre-vicinal.png'}]"
"2025-11-25";"confirmed";"ProxiServe";"";"private_company";"294 639 clients";"['Nom, prénom', 'Adresse email', 'Adresse postale', 'Motif d’intervention', 'Date d’intervention']";"";"[{'text': 'Source', 'href': 'https://bonjourlafuite.eu.org/img/proxiserve.png'}]"
"2025-11-27";"confirmed";"Fédération Française de Foot";"Footclub";"federation";"";"['nom, prénom, genre', 'date et lieu de naissance', 'nationalité', 'adresse postale', 'adresse mail', 'numéro de téléphone', 'numéro de licence']";"";"[{'text': 'Source', 'href': 'https://www.fff.fr/article/15831-communique-du-26-novembre-relatif-au-vol-de-donnees.html'}]"
"2025-11-27";"confirmed";"La Rochelle";"Synbird";"public_authority";"";"['nom, prénom', 'email', 'numéro de téléphone', 'heure, date et lieu de rendez-vous', 'autres éléments']";"True";"[{'text': 'Source', 'href': 'https://www.sudouest.fr/charente-maritime/la-rochelle/fuite-de-donnees-chez-synbird-la-rochelle-touchee-comme-1-300-communes-de-france-26875312.php'}]"
"2025-11-27";"confirmed";"MSP Givors Presqu’Île";"Weda";"private_company";"";"['nom, prénom', 'adresse postale', 'adresse email', 'numéro de téléphone', 'données de santé']";"True";"[{'text': 'Source', 'href': 'https://bonjourlafuite.eu.org/img/msp-givors.png'}]"
"2025-11-28";"confirmed";"La Centrale du Financement";"";"private_company";"";"['dossier de financement']";"True";"[{'text': 'Source', 'href': 'https://bonjourlafuite.eu.org/img/centrale-financement.jpg'}]"
"2025-12-01";"confirmed";"France Travail";"";"public_authority";"1.6 millions de jeunes";"['nom, prénom', 'date de naissance', 'numéro de sécurité sociale', 'identifiant France Travail']";"True";"[{'text': 'Source', 'href': 'https://www.francetravail.org/accueil/communiques/2025/le-reseau-des-missions-locales-et-france-travail-appellent-a-la-vigilance-apres-un-acte-de-cyber-malveillance.html?type=article'}]"
"2025-12-02";"confirmed";"Leroy Merlin";"";"private_company";"";"['nom, prénom', 'numéro de téléphone', 'adresse email', 'adresse postale', 'date de naissance', 'information du programme de fidélité']";"";"[{'text': 'Source', 'href': 'https://bonjourlafuite.eu.org/img/leroy-merlin.jpg'}, 'https://www.leroymerlin.fr/faq-incident-donnees-clients/']"
"2025-12-03";"confirmed";"Médecin Direct";"";"private_company";"";"['nom, prénom', 'date de naissance', 'adresse email', 'adress postale', 'numéro de sécurité sociale', 'objet de la téléconsultation', 'questionnaire de pré-consultation', 'données échangées avec le praticien']";"True";"[{'text': 'Source', 'href': 'https://bonjourlafuite.eu.org/img/medecin-direct.jpg'}]"
"2025-12-05";"confirmed";"ASAF & AFPS";"Itelis";"association";"";"['nom, prénom', 'date de naissance', 'numéro de sécurité sociale', 'dossier de remboursement', 'données de correction visuelle', 'numéro de téléphone']";"True";"[{'text': 'Source', 'href': 'https://bonjourlafuite.eu.org/img/asaf-afps.jpg'}]"
"2025-12-05";"confirmed";"Cuisinella";"";"private_company";"";"['civilité, nom, prénom', 'numéro de téléphone', 'adresse email']";"";"[{'text': 'Source', 'href': 'https://bonjourlafuite.eu.org/img/cuisinella.png'}]"
"2025-12-05";"confirmed";"Fédération Française de Handball";"GestHand";"federation";"";"['nom, prénom', 'genre', 'date de naissance', 'adresse email', 'numéro de téléphone']";"";"[{'text': 'Source', 'href': 'https://bonjourlafuite.eu.org/img/ffhb.png'}]"
"2025-12-05";"confirmed";"Schmidt";"";"private_company";"";"['civilité, nom, prénom', 'numéro de téléphone', 'adresse email']";"";"[{'text': 'Source', 'href': 'https://bonjourlafuite.eu.org/img/schmidt.png'}]"
"2025-12-10";"confirmed";"Fédération Française de Cyclisme";"";"federation";"1 million d’adhérents";"['nom, prénom', 'date de naissance', 'nationalité', 'adresse postale', 'mail', 'numéro de téléphone', 'photo et pièce d’identité']";"True";"[{'text': 'Source', 'href': 'https://bonjourlafuite.eu.org/img/ffcyclisme.png'}, {'text': 'Source', 'href': 'https://structures.ffc.fr/incident-securite-informatique/'}]"
"2025-12-10";"confirmed";"Résidence du Parc (Champdeniers-Saint-Denis)";"";"private_company";"";"['ransomware']";"";"[{'text': 'Source', 'href': 'https://www.lanouvellerepublique.fr/deux-sevres/commune/champdeniers-saint-denis/une-demande-de-rancon-de-5-millions-de-dollars-une-maison-de-retraite-des-deux-sevres-visee-par-un-pirate-informatique-1765387940'}]"
"2025-12-10";"confirmed";"UFOLEP";"Exalto";"association";"";"['nom, prénom', 'date et lieu de naissance', 'nationalité', 'adresse postale', 'adresse email', 'numéro de téléphone', 'coordonnés du responsable légal', 'status de consentement']";"";"[{'text': 'Source', 'href': 'https://bonjourlafuite.eu.org/img/ufolep.jpg'}]"
"2025-12-12";"confirmed";"Euromatik";"";"private_company";"";"['nom, prénom', 'adresse courriel et postale', 'numéro de téléphone', 'données contractuelles, commande', 'mot de passe chiffré']";"";"[{'text': 'Source', 'href': 'https://bonjourlafuite.eu.org/img/euromatik.png'}]"
"2025-12-12";"confirmed";"France Ventilation";"";"private_company";"";"['n° de carte bancaire, date d’expiration, CVV']";"True";"[{'text': 'Source', 'href': 'https://bonjourlafuite.eu.org/img/france-ventilation-1.jpg'}, {'text': 'Source', 'href': 'https://bonjourlafuite.eu.org/img/france-ventilation-2.jpg'}]"
"2025-12-13";"confirmed";"Ministère de l’Intérieur";"";"public_authority";"";"['«\xa0un certain nombre de fichiers\xa0»']";"";"[{'text': 'Source', 'href': 'https://www.rtl.fr/actu/justice-faits-divers/un-assaillant-a-pu-penetrer-sur-un-certain-nombre-de-fichiers-sur-rtl-laurent-nu-ez-confirme-une-attaque-informatique-au-ministere-de-l-interieur-7900577003'}]"
"2025-12-16";"confirmed";"PornHub";"";"private_company";"";"['historique de navigation']";"True";"[{'text': 'Source', 'href': 'https://help.pornhub.com/hc/en-us/articles/47334442459283-Important-Message-From-Pornhub'}, {'text': 'Source', 'href': 'https://cybersecuritynews.com/pornhub-breached/'}]"
"2025-12-16";"confirmed";"SoundCloud";"";"private_company";"20% des utilisateurs, 30 millions de profils";"['email', 'profil public']";"";"['https://soundcloud.com/playbook-articles/protecting-our-users-and-our-service', 'https://bonjourlafuite.eu.org/img/soundcloud.png']"
"2025-12-17";"confirmed";"Parashop";"";"private_company";"";"['nom, prénom', 'date de naissance', 'adresse postale']";"";"[{'text': 'Source', 'href': 'https://bonjourlafuite.eu.org/img/parashop.png'}]"
"2025-12-17";"confirmed";"SFR";"";"private_company";"";"['nom, prénom', 'adresse mail', 'adresse postale', 'référence client', 'numéro de téléphone']";"";"[{'text': 'Source', 'href': 'https://bonjourlafuite.eu.org/img/sfr.png'}]"
"2025-12-19";"confirmed";"La Licra";"";"association";"186 abonnés, 8 administrateurs";"['Adresse email', 'Mot de passe hashé']";"";"[{'text': 'Source', 'href': 'https://bonjourlafuite.eu.org/img/licra.png'}]"
"2025-12-19";"confirmed";"Ministère des Sports";"";"public_authority";"3.5 millions de foyers";"['Nom, prénom', 'Date de naissance', 'Genre', 'Adresse courriel', 'Adresse postale', 'Numéro de téléphone', 'Catégorie d’aides perçues', 'Code organisme', 'Numéro de Sécurité Sociale', 'Numéro INE', 'Numéro CAF', 'Code Pass Sport']";"True";"[{'text': 'Source', 'href': 'https://www.lindependant.fr/2025/12/19/nouvelle-cyberattaque-des-services-de-letat-35-millions-de-foyers-concernes-par-une-fuite-de-donnees-au-ministere-des-sports-13121276.php'}, {'text': 'Source', 'href': 'https://bonjourlafuite.eu.org/img/ministere-sports.jpg'}]"
"2025-12-19";"confirmed";"Red by SFR";"";"private_company";"";"['nom, prénom', 'adresse mail', 'adresse postale', 'référence client', 'numéro de téléphone']";"";"[{'text': 'Source', 'href': 'https://bonjourlafuite.eu.org/img/red.jpg'}]"
"2025-12-20";"confirmed";"Chronopost";"";"private_company";"860 000 personnes";"['nom, prénom', 'email', 'adresse', 'numéro de colis']";"";"[{'text': 'Source', 'href': 'https://bonjourlafuite.eu.org/img/chronopost.png'}]"
"2025-12-22";"confirmed";"123 casting";"";"private_company";"240 000 utilisateurs";"['nom, prénom', 'mot de passe haché en MD5 (en clair donc…)', 'date de naissance, genre', 'adresse postale', 'adresse mail', 'numéro de téléphone', 'taille, poids, couleurs des yeux et des cheuveux, mensurations', 'origine ethnique', 'signes distinctifs', 'book photos & vidéos', 'historique des messages privés', 'données de paiement']";"True";"[{'text': 'Source', 'href': 'https://xcancel.com/Ced_haurus/status/2002765103217746135'}]"
"2025-12-22";"confirmed";"Altitude Infra";"";"private_company";"5.76Go, 3.8 millions de clients";"['Infrastructures réseau', 'Fichier partenaires', 'Données opérationnelles', 'Tickets support', 'Identités de prospects', 'Adresse postale', 'Numéro de téléphone']";"";"[{'text': 'Source', 'href': 'https://botcrawl.com/altitude-infra-data-breach-exposes-5-76-gb-of-french-fiber-infrastructure-files/'}, {'text': 'Source', 'href': 'https://bonjourlafuite.eu.org/img/altitude-infra.png'}]"
"2025-12-22";"confirmed";"justice.fr";"";"public_authority";"1 100 professionnels de la justice";"['nom, prénom', 'fonction judiciaire', 'adresse personnelle', 'numéro de téléphone personnel', 'informations professionnelles', 'IBAN']";"True";"[{'text': 'Source', 'href': 'https://xcancel.com/seblatombe/status/2003030362046304642/'}]"
"2025-12-23";"confirmed";"Fédération Française de Natation";"";"federation";"1.3 millions d’adhérents";"['nom, prénom', 'numéro de licence', 'adresse postale', 'adresse email', 'numéro de téléphone', 'informations médicales', 'coordonnés des parents', 'club']";"True";"[{'text': 'Source', 'href': 'https://bonjourlafuite.eu.org/img/ffnatation.jpg'}]"
"2025-12-24";"confirmed";"Adecco";"";"private_company";"800 000 personnes";"['nom, prénom', 'adresse email', 'numéro de téléphone', 'CV', 'Secteur', 'Poste recherché', 'Expériences professionnelles', 'Niveau d’éducation', 'Diplômes', 'Compétences', 'Langues maîtrisées', 'Status professionnel']";"";"[{'text': 'Source', 'href': 'https://bonjourlafuite.eu.org/img/adecco.jpg'}]"
"2025-12-26";"confirmed";"Commune de Lens";"";"public_authority";"";"['probable ransomware']";"";"[{'text': 'Source', 'href': 'https://www.francebleu.fr/infos/faits-divers-justice/la-ville-de-lens-victime-d-un-piratage-informatique-1926814'}]"
"2025-12-26";"confirmed";"Fédération Française de Kick Boxing";"";"federation";"361 321 adhérents";"['Nom, prénom', 'Genre', 'Date de naissance', 'Nationalité', 'Adresses email', 'Numéros de téléphone', 'Adresse postale', 'Type de licence, saison et date de validité']";"";"[{'text': 'Source', 'href': 'https://xcancel.com/Ced_haurus/status/2004524410774970615'}]"
"2025-12-26";"confirmed";"Mondial Relay";"";"private_company";"";"['nom, prénom', 'adresse email', 'adresse postale', 'numéro de téléphone', 'numéro d’expédition', 'statuts des livraisons']";"";"[{'text': 'Source', 'href': 'https://bonjourlafuite.eu.org/img/mondial-relay.png'}]"
"2025-12-26";"confirmed";"Nouvelle Lune";"";"private_company";"161 clients";"['Nom, prénom', 'Adresse email', 'Adresse postale', 'Date de dernière connexion', 'Date de dernière commande', 'Nombre de commandes']";"";"[{'text': 'Source', 'href': 'https://bonjourlafuite.eu.org/img/nouvellelune.png'}]"
"2025-12-27";"confirmed";"ACRV";"";"private_company";"900 clients";"['accès Wordpress, FTP, MySQL…', 'deface']";"";"[{'text': 'Source', 'href': 'https://bonjourlafuite.eu.org/img/acrv.png'}]"
"2025-12-27";"confirmed";"Club de nation 95";"ACRV";"association";"200 adhérents";"['Nom, prénom', 'Adresse postale', 'Adresse email', 'Numéro de téléphone', 'Adresse IP']";"";"[{'text': 'Source', 'href': 'https://bonjourlafuite.eu.org/img/cn95.png'}]"
"2025-12-27";"confirmed";"ENI";"";"private_company";"89 463 clients";"['Nom, prénom', 'Adresse email', 'Type de profil', 'Raison sociale', 'Fonction']";"";"[{'text': 'Source', 'href': 'https://bonjourlafuite.eu.org/img/eni.png'}, {'text': 'Source', 'href': 'https://www.clubic.com/actualite-593956-l-energeticien-eni-confirme-avoir-subi-une-cyberattaque-en-france-des-milliers-de-clients-exposes.html'}]"
"2025-12-27";"confirmed";"HelloWork";"";"private_company";"";"['Nom, prénom', 'Adresse email', 'Métier recherché', 'Niveau de qualification', 'Expérience professionnelle', 'Secteurs d’activité recherchés', 'Types de contrat recherchés', 'Zones géographiques de mobilité']";"";"[{'text': 'Source', 'href': 'https://bonjourlafuite.eu.org/img/hellowork.png'}]"
"2025-12-27";"confirmed";"PayTrip";"";"private_company";"74 877 clients";"['Nom, prénom', 'Adresse email', 'Adresse postale', 'Numéro de téléphone', 'Solde du compte', 'IBAN']";"True";"[{'text': 'Source', 'href': 'https://bonjourlafuite.eu.org/img/paytrip.png'}]"
"2025-12-28";"confirmed";"Allegro Musique";"";"private_company";"161 412 adhérents";"['Nom, prénom', 'Adresse postale', 'Adresse email', 'Numéro de téléphone', 'Numéro de sécurité sociale', 'Date d’incription et de résiliation', 'Contenu des annonces']";"True";"[{'text': 'Source', 'href': 'https://bonjourlafuite.eu.org/img/allegromusique.png'}]"
"2025-12-28";"confirmed";"Batterie de Portable";"";"private_company";"";"['Nom, prénom', 'Date de naissance', 'Adresse postale', 'Adresse e-mail', 'Numéros de téléphone fixe et mobile']";"";"[{'text': 'Source', 'href': 'https://bonjourlafuite.eu.org/img/batteriedeportable.png'}]"
"2025-12-28";"confirmed";"Europages";"";"private_company";"205 403 prospects";"['Nom, prénom', 'Poste', 'Entreprise', 'Adresse postale', 'Adresse email', 'Numéro de téléphone', 'SIRET', 'Numéro de TVA']";"";"[{'text': 'Source', 'href': 'https://bonjourlafuite.eu.org/img/europages.png'}]"
"2025-12-28";"confirmed";"Ministère de l’Agriculture et de l’Alimentation";"";"public_authority";"60Go, 97 000 fichiers";"['Accès FTP', 'Fichiers SQL', 'Journaux système de 32 département', '19 applications métiers']";"";"[{'text': 'Source', 'href': 'https://bonjourlafuite.eu.org/img/ministere-agriculture.png'}]"
"2025-12-29";"confirmed";"Université de Lille";"";"public_authority";"7 244 étudiants";"['Nom, prénom', 'Adresse email', 'Adresse postale', 'Numére de téléphone']";"";"[{'text': 'Source', 'href': 'https://bonjourlafuite.eu.org/img/universite-lille.png'}]"
"2025-12-29";"confirmed";"École de management de Grenoble";"";"private_company";"";"['Nom, prénom', 'Adresse email', 'Adresse postale', 'Numére de téléphone', 'Employeur, poste occupé']";"";"[{'text': 'Source', 'href': 'https://www.grenoble-em.com/actualites/information-relative-a-la-securite-de-vos-donnees'}, {'text': 'Source', 'href': 'https://bonjourlafuite.eu.org/img/gem.png'}]"
"2025-12-31";"confirmed";"Fédération Française de Spéléologie";"";"federation";"";"['Nom, prénom', 'Nationalité', 'Adresse email', 'Numéro de téléphone', 'Numéro de licence', 'Profession']";"";"['https://bonjourlafuite.eu.org/img/ffspeleo.jpg']"
"2025-12-31";"confirmed";"Institut Polytechnique de Paris";"";"public_authority";"9 551 étudiants";"['Nom, prénom', 'Adresse email', 'Adresse postale', 'Numére de téléphone', 'IBAN']";"True";"[{'text': 'Source', 'href': 'https://bonjourlafuite.eu.org/img/ensae.png'}]"
"2025-12-31";"confirmed";"École Nationale de la statistique et de l’analyse de l’information";"";"public_authority";"3 900 étudiants";"['Nom, prénom', 'Adresse email', 'Adresse postale', 'Photo d’identité', 'Numére de téléphone', 'Numéro partiel de carte bleu, CVV, date d’expiration', 'Inscriptions, résultats d’évaluation']";"True";"[{'text': 'Source', 'href': 'https://bonjourlafuite.eu.org/img/ensai-1.png'}, {'text': 'Source', 'href': 'https://bonjourlafuite.eu.org/img/ensai-2.png'}]"
"2026-01-02";"confirmed";"AFPPCD";"";"association";"24 868 personnes";"['Nom, prénom', 'Adresse email', 'Adresse postale', 'Date de naissance', 'Expérience professionnelle', 'Numéro de sécurité sociale']";"True";"[{'text': 'Source', 'href': 'https://bonjourlafuite.eu.org/img/afppcd.png'}]"
"2026-01-02";"confirmed";"Trescal";"";"private_company";"70 981 clients";"['Nom, prénom', 'Adresse email', 'Adresse postale', 'Fonction', 'SIRET, numéro de TVA', 'Clients sensibles (ministères, sites sensibles…)', 'Gestion des actifs (matériel de métrologie)']";"";"[{'text': 'Source', 'href': 'https://bonjourlafuite.eu.org/img/trescal.png'}]"
"2026-01-05";"confirmed";"Office Français de l’Immigration et de l’intégration";"";"public_authority";"2.1 millions de personnes";"['Nom, prénom', 'Adresse postale', 'Numéro de téléphone', 'Date de naissance', 'Numéro de sécurité social', 'Nationalité', 'Langues maîtrisées', 'Situation familiale', 'Numéro de famille', 'Date de naissance des enfants', 'Nature du séjour', 'Préfecture instructrice', 'Date de décision']";"True";"[{'text': 'Source', 'href': 'https://www.lemonde.fr/pixels/article/2026/01/05/l-office-francais-de-l-immigration-et-de-l-integration-victime-d-une-fuite-de-donnees_6660632_4408996.html'}]"
"2026-01-07";"confirmed";"Corse GSM";"";"private_company";"41 954 clients";"['Nom, prénom', 'Adresse postale', 'Adresse mail', 'Numéro de Téléphone', 'Status', 'IBAN / BIC']";"True";"[{'text': 'Source', 'href': 'https://bonjourlafuite.eu.org/img/corsegsm.png'}]"
"2026-01-07";"confirmed";"EasyCash";"";"private_company";"14 millions de clients";"['Nom, prénom', 'Date de naissance', 'Adresse postale', 'Numéro de téléphone', 'Adresse email']";"";"[{'text': 'Source', 'href': 'https://bonjourlafuite.eu.org/img/easycash-1.jpg'}, {'text': 'Source', 'href': 'https://bonjourlafuite.eu.org/img/easycash-2.png'}]"
"2026-01-07";"confirmed";"Fédération Française de squash";"";"federation";"162 263 adhérents";"['Nom, prénom', 'Date de naissance']";"";"[{'text': 'Source', 'href': 'https://bonjourlafuite.eu.org/img/ffsquash.png'}]"
"2026-01-07";"confirmed";"Fédération Française d’ULM";"";"federation";"78 133 adhérents";"['Nom, prénom', 'Date de naissance', 'Adresse postale', 'Numéro de téléphone', 'Profession', 'Club affilié']";"";"[{'text': 'Source', 'href': 'https://bonjourlafuite.eu.org/img/ffulm.png'}, 'https://bonjourlafuite.eu.org/img/ffulm-2.png']"
"2026-01-07";"confirmed";"Fédération Sportive et Gymnique du Travail";"";"federation";"156 776 adhérents";"['Nom, prénom', 'Date de naissance', 'Type de licence', 'Catégorie']";"";"[{'text': 'Source', 'href': 'https://bonjourlafuite.eu.org/img/fsgt.png'}]"
"2026-01-07";"confirmed";"Ledger";"Global-e";"private_company";"";"";"";"['https://www.leparisien.fr/faits-divers/cryptomonnaies-des-clients-de-lentreprise-legder-victimes-dune-fuite-de-leurs-donnees-personnelles-07-01-2026-WSK45MAFQZENPOLJU3PXYYNKX4.php']"
"2026-01-07";"confirmed";"Philharmonie de Paris";"";"private_company";"47 563 clients";"['Nom, prénom', 'Email', 'Login', 'Date de création', 'Date de dernière connexion']";"";"['https://bonjourlafuite.eu.org/img/philharmonie-paris.png']"
"2026-01-08";"confirmed";"Casino de Paris";"";"private_company";"";"['Nom, prénom', 'Email', 'Date de naissance', 'Code postal']";"";"['https://bonjourlafuite.eu.org/img/casino-paris.jpg']"
"2026-01-12";"confirmed";"Blackstore";"";"private_company";"101 979 personnes";"['Nom, prénom', 'Adresse mail', 'Numéro de téléphone', 'Magasin', 'Numéro de commande', 'Date de commande']";"";"['https://bonjourlafuite.eu.org/img/blackstore.png']"
"2026-01-12";"confirmed";"Fédération Française de Tennis";"";"federation";"";"['Nom, prénom', 'Adresse email', 'Adresse postale', 'Numéro de téléphone', 'Information de licence']";"";"['https://bonjourlafuite.eu.org/img/fft.png']"
"2026-01-12";"confirmed";"Instagram";"";"private_company";"17.5 millions de comptes";"['Nom d’utilisateurs', 'Adresse postale', 'Adresse mail', 'Numéro de téléphone']";"";"['https://www.01net.com/actualites/fuite-donnees-instagram-informations-17-millions-utilisateurs-volees.html']"
"2026-01-12";"confirmed";"Nephael.com & ChloeSanchez.com";"";"private_company";"65 000 personnes";"['Login', 'Mot de passe (MD5)', 'Adresse email', 'Adresse IP']";"";"['https://bonjourlafuite.eu.org/img/nephael.png']"
"2026-01-12";"confirmed";"Relais Colis";"";"private_company";"9 926 266 clients";"['Nom, prénom', 'Enseigne', 'Adresse postale', 'Adresse mail', 'Numéro de téléphone']";"";"['https://bonjourlafuite.eu.org/img/relaiscolis.png']"
"2026-01-12";"confirmed";"monlogicielmedical.com";"";"private_company";"";"['Nom, prénom', 'Date de naissance', 'Adresse postale', 'Status', 'Régime de sécurité sociale', 'Dernière visite']";"";"['https://bonjourlafuite.eu.org/img/monlogicielmedical.png']"
"2026-01-13";"confirmed";"Eurail";"";"private_company";"";"['Nom, prénom', 'Date de naissance', 'Adresse email', 'Adresse postale', 'Numéro de téléphone', 'Numéro de passeport, date d’émission et d’expiration']";"";"['https://bonjourlafuite.eu.org/img/eurail.png']"
"2026-01-13";"confirmed";"Zurflüh-Feller";"";"private_company";"66 Go de données";"";"";"['https://bonjourlafuite.eu.org/img/zurfluh-feller.png']"
"2026-01-15";"confirmed";"Agro Paris Tech";"";"public_authority";"";"['Nom, prénom', 'Photo d’identité', 'Numéro de Sécurité Sociale', 'Fiche de renseignement', 'Signature', 'RIB']";"True";"['https://bonjourlafuite.eu.org/img/agroparistech.png']"
"2026-01-15";"confirmed";"Fédération Française de Montagne Escalade";"";"federation";"";"['Nom, prénom', 'Date de naissance', 'Coordonnées', 'Type de licence', 'Structure d’affiliation']";"";"['https://www.ffme.fr/la-ffme-victime-dun-acte-de-cyber-malveillance/']"
"2026-01-15";"confirmed";"Fédération Française de Twirling Bâton";"";"federation";"";"['Nom, prénom', 'Adresse postale', 'Date de naissance', 'Adresse mail', 'Numéro de téléphone', 'Nationalité', 'Profession', 'Catégorie socio-professionnelle', 'Situation familiale', 'Club']";"";"['https://bonjourlafuite.eu.org/img/fftb.jpg']"
"2026-01-15";"confirmed";"Lire Demain";"";"private_company";"4 616 clients";"['Nom, prénom', 'Adresse mail', 'Adresse postale', 'Commandes']";"";"['https://bonjourlafuite.eu.org/img/liredemain.png']"
"2026-01-15";"confirmed";"Relais Colis";"";"private_company";"";"['Adresse mail']";"";"['https://bonjourlafuite.eu.org/img/relaiscolis-2.jpg']"
"2026-01-15";"confirmed";"Service Public";"HubEE";"public_authority";"70 000 dossiers, 160 000 fichiers";"['Données d’identification', 'Pièces justificatives']";"";"['https://bonjourlafuite.eu.org/img/servicepublic.jpg', 'https://www.journaldugeek.com/2026/01/19/cyberattaque-sur-hubee-letat-reconnait-une-fuite-de-donnees-sensibles/']"
"2026-01-16";"confirmed";"Store pas cher";"";"private_company";"70 000 clients";"['Nom, prénom', 'Numéro de téléphone', 'Adresse postale', 'Adresse IP']";"";"['https://bonjourlafuite.eu.org/img/storepascher.png']"
"2026-01-18";"confirmed";"EuroNature";"";"private_company";"4 212 étudiants, 4 006 enseignants";"['Nom, prénom', 'IBAN', 'Passeport', 'Photo d’identité', 'Diplômes', 'Carte vitale', 'Casier judiciaire']";"True";"['https://bonjourlafuite.eu.org/img/euronature-1.png', 'https://bonjourlafuite.eu.org/img/euronature-2.png']"
"2026-01-19";"confirmed";"DCE Conseil";"";"private_company";"844Go de données";"['Prisons', 'Installations techniques', 'Bases militaires']";"";"['https://www.01net.com/actualites/fuite-donnees-devoile-plans-plusieurs-prisons-base-militaire-francaise.html']"
"2026-01-19";"confirmed";"Info Jeunes Bourgogne Franche-Comté";"";"association";"";"['Données d’identification']";"";"['https://bonjourlafuite.eu.org/img/info-jeunes-bourgogne-franche-comte.png']"
"2026-01-19";"confirmed";"URSSAF";"";"public_authority";"12 millions de salarié·es";"['Nom, prénom', 'Date de naissance', 'SIRET employeur', 'Date d’embauche']";"";"['https://www.20minutes.fr/faits_divers/4196942-20260119-urssaf-victime-acces-frauduleux-donnees-12-millions-salaries-potentiellement-concernes']"
"2026-01-19";"confirmed";"iOburo";"";"private_company";"";"['Nom, prénom', 'Adresse de livraison', 'Adresse email', 'Numéro de téléphone', 'Date de naissance']";"";"['https://bonjourlafuite.eu.org/img/ioburo.png']"
"2026-01-20";"confirmed";"ConseilJuridique.net";"";"private_company";"";"";"";"['https://bonjourlafuite.eu.org/img/conseiljuridique.png']"
"2026-01-20";"confirmed";"Delko";"";"private_company";"";"['Nom, prénom', 'Adresse email', 'Numéro de téléphone', 'Code postal, commune']";"";"['https://bonjourlafuite.eu.org/img/delko.jpg']"
"2026-01-20";"confirmed";"France Éducation International";"GAEL";"public_authority";"";"['Nom, prénom', 'Ville de naissance et pays de naissance', 'Date de naissance', 'Nationalité', 'Langue maternelle', 'Centre de rattachement']";"";"['https://www.france-education-international.fr/actualites/incident-sur-la-plateforme-gael-diplomes-delf-dalf']"
"2026-01-21";"confirmed";"ENSAM";"";"public_authority";"";"['Nom, prénom', 'Numéro de Sécurité Sociale', 'Décision d’attribution de bourse et montant', 'Date de début et de fin d’arrêt de travail']";"True";"['https://bonjourlafuite.eu.org/img/ensam.png']"
"2026-01-23";"confirmed";"Baby Vista";"";"private_company";"";"['Nom, prénom', 'Adresse mail', 'Numéro de téléphone', 'Adresse postale', 'Nom de l’enfant', 'Pays']";"";"['https://bonjourlafuite.eu.org/img/babyvista.png']"
"2026-01-23";"confirmed";"Fédération Française de Chasse";"";"federation";"";"['Nom, prénom', 'Adresse postale', 'Numéro de permis', 'Assurance', 'Qualification']";"";"['https://www.chasseurdefrance.com/actualites/la-fnc-victime-dun-incident-de-securite-informatique/', 'https://bonjourlafuite.eu.org/img/ffchasse.png']"
"2026-01-23";"confirmed";"Fédération Française de Golf";"";"federation";"";"['Nom, prénom', 'Adresse mail', 'Catégorie d’âge', 'Adresse postale', 'Adresse mail', 'Club de rattachement', 'Date de licence', 'Status sportif']";"";"['https://bonjourlafuite.eu.org/img/ffgolf.png']"
"2026-01-23";"confirmed";"Fédération Française de Volley";"";"federation";"1.2 millions d’adhérents, 420 000 fichiers sensibles";"['Nom, prénom', 'Adresse email', 'Adresse postale', 'Numéro de téléphone', 'Carte d’identité', 'Certificat de naissance', 'Photo d’identité', 'Signatures']";"True";"['https://bonjourlafuite.eu.org/img/ffvolley.png']"
"2026-01-23";"confirmed";"Fédération Française des Sapeurs-Pompiers";"";"federation";"822 449 pompiers";"['Nom, prénom', 'Adresse mail', 'Numéro de téléphone', 'Adresse postale']";"";"['https://bonjourlafuite.eu.org/img/ffpompiers.png']"
"2026-01-23";"confirmed";"Fédération Française d’Escrime";"";"federation";"";"['Nom, prénom', 'Nationalité', 'Numéro de téléphone', 'Adresse postale', 'Adresse mail', 'Type de licence', 'Club', 'Catégorie d’âge', 'Discipline']";"";"['https://bonjourlafuite.eu.org/img/ffe.png']"
"2026-01-23";"confirmed";"Grand Froid";"";"private_company";"";"['Nom, prénom', 'Adresse', 'Date de commande']";"";"['https://bonjourlafuite.eu.org/img/grand-froid.png']"
"2026-01-23";"confirmed";"Orpi";"";"private_company";"";"['IBAN', 'Nom, prénom', 'Quittance de loyer', 'Adresse postale', 'Identifiant extranet', 'Mot de passe extranet en clair', 'Locataire']";"True";"['https://bonjourlafuite.eu.org/img/orpi-1.png', 'https://bonjourlafuite.eu.org/img/orpi-2.png']"
"2026-01-23";"confirmed";"Too Easy";"";"private_company";"";"['Nom', 'Adresse mail', 'Téléphone', 'Adresse IP']";"";"['https://bonjourlafuite.eu.org/img/tooeasy.png']"
"2026-01-23";"confirmed";"Valorissimo";"";"private_company";"";"['Login', 'Adresse mail', 'Nom, prénom', 'Numéro de téléphone', 'Adresse', 'Entreprise']";"";"['https://bonjourlafuite.eu.org/img/valo.png']"
"2026-01-23";"confirmed";"Waltio";"";"private_company";"";"['Adresse mail', 'Rapport fiscal 2024', 'Solde bancaire']";"";"['https://www.waltio.com/fr/blog/actualite/security-notice-23-01/']"
"2026-01-24";"claimed";"Fédération Française d’Études et de Sports Sous-Marins";"";"federation";"";"['Nom, prénom', 'Date et lieu de naissance', 'Date de première licence', 'Status moniteur/éducateur', 'Adresse postale', 'Certificats médicaux']";"True";"['https://bonjourlafuite.eu.org/img/ffessm-1.png', 'https://bonjourlafuite.eu.org/img/ffessm-2.png']"
"2026-01-24";"claimed";"Guiot de Bourg";"";"private_company";"90 000 clients";"['Nom, prénom', 'Adresse mail', 'Mot de passe haché', 'Date de naissance', 'IP d’inscription à la newsletter', 'Site internet', 'Montant autorisé', 'Délais de payment', 'Status invité', 'Compte supprimé (😒)', 'Jeton de renouvellement du mot de passe', 'Clef secrète']";"";"['https://bonjourlafuite.eu.org/img/guiotdebourg.png']"
"2026-01-24";"confirmed";"Movida";"";"private_company";"";"['Nom, prénom', 'Coordonnées', 'IBAN']";"True";"['https://bonjourlafuite.eu.org/img/movida.png']"
"2026-01-24";"claimed";"Panorama Banques";"";"private_company";"2 340 422 clients";"['Nom, prénom', 'Nationalité', 'Adresse postale', 'Adresse email', 'Numéro de téléphone', 'Status marital', 'Revenus, crédits en cours, loyers', 'Banque', 'Date d’ouverture des comptes', 'Status propriétaire/locataire', 'Profession, type de contrat de travail']";"True";"['https://bonjourlafuite.eu.org/img/panoramabanques.png']"
"2026-01-24";"confirmed";"Scoring Fit";"";"private_company";"";"['Nom, prénom', 'Adresse postale', 'Adresse email', 'Numéro de téléphone', 'Organisation']";"";"['https://bonjourlafuite.eu.org/img/scoringfit.png']"
"2026-01-25";"confirmed";"Fédération Française des Sports pour tous";"";"federation";"1 493 adhérents";"['Nom, prénom', 'Status', 'Structure de rattachement', 'Adresse postale', 'Numéro de téléphone', 'Diplômes', 'Activité']";"";"['https://bonjourlafuite.eu.org/img/sportspourtous.png']"
"2026-01-25";"confirmed";"Sciences Po";"";"private_company";"";"['Dump SQL']";"";"['https://bonjourlafuite.eu.org/img/sciences-po-1.png', 'https://bonjourlafuite.eu.org/img/sciences-po-2.png']"
"2026-01-28";"claimed";"11 agences immobilières";"";"private_company";"1.2 millions de documents, 500+Go";"['SCI Fonciere de la tourelle', 'Aix La Duranner Immo', 'MARTEAU IMMOBILIER', '(Orpi) AFG IMMOBILIER', 'OC INVESTISSEMENT', 'TRENTA IMMOBILIER', 'BLG PATRIMOINE', 'SB IMMOBILIER', 'SUN IMMOBILIA', 'IMMOVALIE', 'SAS Immo', 'Nom, prénom', 'Adresse postale', 'Login et mot de passe', 'Adresse email', 'Quittance de loyer, facture', 'Numéro de téléphone', 'Données contractuelles', 'IBAN', 'Carnets d’entretien', 'Campagnes marketing', 'Rapports financiers', 'Compte-rendu d’AG', 'T·O·U·T']";"True";"['https://bonjourlafuite.eu.org/img/agences-immobilieres.png']"
"2026-01-28";"confirmed";"Centre d’imagerie médicale de Puteaux";"";"private_company";"";"['Nom, prénom', 'Date de naissance', 'Numéro de téléphone', 'Adresse email', 'Adresse postale', 'Nombre de rendez-vous']";"";"['https://bonjourlafuite.eu.org/img/cim-puteaux.png']"
"2026-01-28";"claimed";"Coriolis";"";"private_company";"";"['Nom, prénom', 'Genre', 'Numéro de téléphone', 'Adresse mail', 'Adresse postale', 'IBAN']";"True";"['https://bonjourlafuite.eu.org/img/coriolis.png']"
"2026-01-28";"confirmed";"Le CNAM";"";"public_authority";"10 000 personnes";"['Nom, prénom', 'Adresse mail', 'Numéro de téléphone', 'Poste occupé et département', 'Adresse postale', 'Date de naissance', 'Site Internet', 'Loisirs']";"";"['https://bonjourlafuite.eu.org/img/cnam.png']"
"2026-01-28";"confirmed";"Lovys";"";"private_company";"";"";"";"['https://bonjourlafuite.eu.org/img/lovys.png']"
"2026-01-28";"confirmed";"Lyleoo";"";"private_company";"900 000 clients";"['Nom, prénom', 'Date de naissance', 'Adresse postale', 'Adresse email']";"";"['https://bonjourlafuite.eu.org/img/lyleoo.png', 'https://www.acuite.fr/actualite/profession/328405/lyleoo-victime-dune-cyberattaque-une-fuite-de-donnees-personnelles']"
"2026-01-28";"claimed";"O’tacos";"";"private_company";"29 millions de clients";"['Nom, prénom', 'Adresse email', 'Carte de fidélité', 'Pays', 'Date de création']";"";"['https://bonjourlafuite.eu.org/img/o-tacos.png']"
"2026-01-28";"claimed";"Techni-Contact";"";"private_company";"1 million de contacts";"['Nom, prénom', 'Mot de passe haché en MD5', 'Titre', 'Société', 'Numéro de téléphone', 'Nombre de salariés', 'NAF, SIRET, numéro de TVA', 'Adresse postale', 'Secteur', 'Numéro de téléphone', 'Adresse mail', 'Personne décédée', 'Origine', 'Site Internet', 'Score pub']";"";"['https://bonjourlafuite.eu.org/img/techni-contact.png']"
"2026-01-28";"confirmed";"UGSEL";"";"association";"600 élèves";"['Nom, prénom', 'Genre', 'Date de naissance', 'Catégorie', 'Classe']";"";"['https://bonjourlafuite.eu.org/img/ugsel.png']"
"2026-01-28";"confirmed";"Wemind";"Allianz";"private_company";"";"['Nom, prénom', 'Adresse postale', 'Adresse électronique', 'Numéro de téléphone']";"";"['https://bonjourlafuite.eu.org/img/wemind.png']"
"2026-01-29";"claimed";"Match Group (Hinge, Match, OKCupid)";"";"private_company";"196 000 utilisateurs";"['Nom, prénom, login', 'Mot de passe', 'User agent', 'Date de naissance', 'Adresse IP', 'Numéro de téléphone']";"True";"['https://bonjourlafuite.eu.org/img/match-group.png']"
"2026-01-29";"claimed";"Réseau.site";"";"private_company";"73 000 clients";"['Nom, prénom', 'Mot de passe', 'Numéro de téléphone', 'Adresse postale', 'Achats']";"";"['https://bonjourlafuite.eu.org/img/reseau-site.png']"
"2026-01-29";"claimed";"VeryChic";"";"private_company";"900 000 clients";"['Nom', 'Date de naissance', 'Numéro de téléphone', 'Adresse postale', 'Numéro de réservation', 'Date du séjour']";"";"['https://bonjourlafuite.eu.org/img/very-chic.png']"
"2026-01-30";"confirmed";"Code Rousseau";"";"private_company";"";"['Nom, prénom', 'Adresse postale', 'Adresse mail', 'Numéro de téléphone', 'Photo d’identité', 'Numéro NEPH', 'Données de l’ASR', 'Signature']";"";"['https://bonjourlafuite.eu.org/img/code-rousseau.jpg']"
"2026-01-30";"confirmed";"Mano Mano";"";"private_company";"";"['Nom, prénom', 'Adresse mail', 'Numéro de téléphone', 'Échanges avec le support']";"";"['https://bonjourlafuite.eu.org/img/manomano.png']"
"2026-01-30";"confirmed";"OpQuast";"";"private_company";"une centaine de personnes";"['Adresse mail']";"";"['https://bonjourlafuite.eu.org/img/opquast.png']"
"2026-01-31";"untrusted";"Armée de Terre";"";"public_authority";"2971 fichiers, 4.5Go";"['Documents classifiés (diffusion restreinte)', 'Guides techniques']";"";"['https://bonjourlafuite.eu.org/img/armee-de-terre.png']"
"2026-01-31";"confirmed";"INRIA";"";"public_authority";"21 647 personnes";"['Nom, prénom', 'Organisation', 'Adresse email']";"";"['https://bonjourlafuite.eu.org/img/inria-1.png', 'https://bonjourlafuite.eu.org/img/inria-2.png']"
"2026-02-04";"claimed";"Loxam";"";"private_company";"";"['Chauffeur', 'Numéro de téléphone', 'Adresse de livraison', 'Plaque d’immatriculation', 'Date de livraison', 'Créneau horaire']";"";"['https://bonjourlafuite.eu.org/img/loxam.png']"
"2026-02-05";"claimed";"ADMR";"";"association";"";"['Nom, prénom', 'Adresse email', 'Adresse postale', 'Organisation']";"";"['https://bonjourlafuite.eu.org/img/admr.png']"
"2026-02-05";"claimed";"Agence Régionale de Santé";"";"public_authority";"15 108 employés";"['Nom, prénom', 'Fonction', 'Adresse email', 'Manager', 'Structure employeuse']";"";"['https://bonjourlafuite.eu.org/img/ars.png']"
"2026-02-05";"claimed";"Centre Communal d’Action Sociale de Dunkerque";"";"public_authority";"66 343 citoyens";"['Nom, prénom', 'Date de naissance', 'Adresse postale', 'Numéro de téléphone', 'Adresse email', 'Profil du foyer', 'Situation familiale']";"";"['https://bonjourlafuite.eu.org/img/ccas-dunkerque.png']"
"2026-02-05";"claimed";"Centre National de Gestion";"";"public_authority";"";"['Login', 'Adresse email', 'Adresse postale', 'Numéro de téléphone', 'Nom, prénom']";"";"['https://bonjourlafuite.eu.org/img/cng.png']"
"2026-02-05";"confirmed";"Choisir le service public";"";"public_authority";"377 418 demandeurs d’emploi";"['Nom, prénom', 'Date de naissance', 'Adresse email', 'Numéro de téléphone', 'Niveau d’étude', 'Spécialité', 'Langues maîtrisées', 'Souhait géographique']";"";"['https://bonjourlafuite.eu.org/img/choisir-service-public-2.png', 'https://bonjourlafuite.eu.org/img/choisir-service-public.png']"
"2026-02-05";"claimed";"Fédération Française de Randonnée Pédestre";"";"federation";"471 352 emails, 796 141 numéros de téléphone";"['Nom, prénom', 'Numéro de licence', 'Date et lieu de naissance', 'Numéro de téléphone', 'Adresse mail', 'Adresse postale', 'Structure d’accueil']";"";"['https://bonjourlafuite.eu.org/img/ffrando.png']"
"2026-02-05";"confirmed";"Protexia France";"";"private_company";"";"['Nom, prénom', 'Date de naissance', 'Adresse postale', 'Adresse email', 'Numéro de téléphone', 'Numéro d’adhérent']";"";"['https://bonjourlafuite.eu.org/img/protexia.png']"
"2026-02-05";"confirmed";"Substack";"";"private_company";"";"['Adresse mail', 'Numéro de téléphone', 'Métadonnées internes']";"";"['https://lorichristian.substack.com/p/notice-of-data-breach']"
"2026-02-06";"confirmed";"AutoForever";"Brevo";"private_company";"";"['Nom, prénom', 'Adresse postale', 'Adresse email', 'Numéro de téléphone', 'Adresse IP', 'Nom de l’entreprise', 'Numéro de TVA']";"";"['https://bonjourlafuite.eu.org/img/autoforever.png']"
"2026-02-06";"claimed";"Cette Famille";"";"private_company";"41Go, 333 417 documents, 12 711 coordinateurs";"['Nom, prénom', 'Adresse email', 'Status compte']";"";"['https://bonjourlafuite.eu.org/img/cette-famille.png']"
"2026-02-06";"confirmed";"Flickr";"";"private_company";"";"['Nom', 'Adresse mail', 'Adresse IP', 'Login', 'Type de compte', 'Localisation', 'Activité du compte']";"";"['https://bonjourlafuite.eu.org/img/flickr.png']"
"2026-02-06";"claimed";"Fédération Française de Tennis de Table";"";"federation";"2 millions de licenciés";"['Nom, prénom', 'Adresse mail', 'Adresse postale', 'Numéro de téléphone', 'Données de licence']";"";"['https://bonjourlafuite.eu.org/img/fftt.png']"
"2026-02-06";"confirmed";"Fédération Française de Voile";"";"federation";"";"['Nom, prénom', 'Date de naissance', 'Adresse postale', 'Adresse email', 'Numéro de téléphone']";"";"['https://www.letelegramme.fr/sports/voile/la-federation-francaise-de-voile-victime-dune-fuite-de-donnees-de-ses-licencies-6978517.php', 'https://www.ffvoile.fr/ffv/web/actualites/actus_detail.asp?ID=40995']"
"2026-02-06";"claimed";"Mairie de Paris";"";"public_authority";"320 292 personnes";"['Nom, Prénom', 'Date de naissance', 'Adresse postale', 'Numéro de téléphone', 'Adresse mail']";"";"['https://bonjourlafuite.eu.org/img/mairie-paris.png']"
"2026-02-07";"confirmed";"Office Français de la Biodiversité";"";"public_authority";"";"['Nom, prénoms', 'Date et ville de naissance', 'Adresse postale', 'Numéros de téléphone fixe et portable', 'Nationalité', 'Adresse e-mail', 'Numéro de permis de chasser', 'Informations relatives à la demande, l’instruction ou à l’examen du permis de chasser', ""Inscription au fichier national des personnes interdites d'acquisition et de détention d'armes"", 'Convocation, dates, présence et résultat']";"True";"['https://ofb.gouv.fr/actualites/cyberattaque-visant-application-du-permis-de-chasser-ofb-informe-ses-usagers']"
"2026-02-09";"confirmed";"Aïkan";"";"private_company";"";"['État civil', 'Données d’identification', 'IBAN']";"True";"['https://bonjourlafuite.eu.org/img/aikan-1.jpg', 'https://bonjourlafuite.eu.org/img/aikan-2.jpg']"
"2026-02-09";"confirmed";"Commission Européenne";"";"public_authority";"";"['Nom, prénom', 'Numéro de téléphone']";"";"['https://ec.europa.eu/commission/presscorner/detail/fr/ip_26_342']"
"2026-02-09";"confirmed";"Darty";"";"private_company";"";"['Nom et prénom', 'Adresse postale', 'Adresse e-mail', 'Numéro de téléphone', ""Typologie de logement pour l'ameublement d'une cuisine"", ""Budget maximum et minimum pour la conception d'une cuisine"", ""Nombre d'électroménagers à acheter et à conserver""]";"";"['https://bonjourlafuite.eu.org/img/darty.png']"
"2026-02-09";"claimed";"La Carte Avantage Jeune";"";"private_company";"480 000 utilisateurs, 56 000 documents, 92Go";"['Nom, prénom', 'Date de naissance', 'Adresse postale', 'Numéro de téléphone', 'Carte d’identité', 'Acte de naissance', 'Signature']";"True";"['https://bonjourlafuite.eu.org/img/carte-avantage-jeune.png']"
"2026-02-09";"confirmed";"PharmaShopi";"";"private_company";"";"['Numéro de carte bleu', 'Date d’expiration', 'CVV']";"True";"['https://bonjourlafuite.eu.org/img/pharmashopi.jpg']"
"2026-02-09";"confirmed";"Sumsub";"";"private_company";"";"['Nom, prénom', 'Numéro de téléphone', 'Adresse email']";"";"['https://cryptoast.fr/bitget-bybit-moonpay-bitpanda-donnees-personnelles-clients-pourraient-avoir-fuite-a-cause-fournisseur-kyc/']"
"2026-02-10";"confirmed";"Relais Colis";"";"private_company";"";"['Nom, prénom', 'Adresse postale', 'Adresse email', 'Numéro de téléphone']";"";"['https://www.01net.com/actualites/nouvelle-fuite-de-donnees-chez-relais-colis-infos-personnelles-compromises.html']"
"2026-02-11";"confirmed";"Commune de Bourg-Achard";"";"public_authority";"";"";"";"['https://bonjourlafuite.eu.org/img/bourg-achard.png']"
"2026-02-13";"confirmed";"Grain de Malice";"Socloz";"private_company";"";"['Nom, prénom', 'Adresse électronique', 'Numéro de téléphone']";"";"['https://bonjourlafuite.eu.org/img/grain-malice.png']"
"2026-02-13";"confirmed";"Les Restos du Cœur";"";"association";"";"['Nom, prénom', 'Fonction et statut', 'Adresse email', 'Numéro de téléphone']";"";"['https://bonjourlafuite.eu.org/img/resto-coeur.png']"
"2026-02-13";"confirmed";"Voyage Privé";"";"private_company";"";"['Nom, prénom', 'Pays de résidence', 'Adresse email', 'Numéro de téléphone', 'Numéro et date d’expiration du passeport']";"";"['https://bonjourlafuite.eu.org/img/voyage-prive-1.jpg', 'https://bonjourlafuite.eu.org/img/voyage-prive-2.jpg']"
"2026-02-14";"confirmed";"Fédération Française du Sport Automobile (FFSA)";"";"federation";"";"['Nom, prénom', 'Adresse postale', 'Adresse email', 'Numéro de téléphone']";"";"['https://x.com/_SaxX_/status/2022610505865589164']"
"2026-02-16";"confirmed";"CNRS";"";"public_authority";"salariés recrutés avant 2007";"['Nom, prénom', 'Date de naissance', 'Adresse postale', 'Numéro de sécurité sociale', 'RIB', 'Statut, type de contrat', 'Structure d’affectation']";"True";"['https://bonjourlafuite.eu.org/img/cnrs.png']"
"2026-02-18";"confirmed";"Direction Générale des Finances Publiques";"";"public_authority";"1.2 millions de comptes";"['Identité des détenteurs', 'Adresse postale', 'Identifiant fiscal', 'IBAN']";"True";"['https://presse.economie.gouv.fr/acces-illegitimes-au-fichier-national-des-comptes-bancaires-ficoba/', 'https://www.lemondeinformatique.fr/actualites/lire-bercy-alerte-sur-le-piratage-du-fichier-national-des-comptes-bancaires-99401.html']"
"2026-02-18";"confirmed";"Espace CE";"";"private_company";"";"['Nom, prénom', 'Adresse email', 'Adresse postale', 'Numéro de téléphone', 'Date de naissance', 'Mot de passe hashé']";"";"['https://bonjourlafuite.eu.org/img/espacece.png']"
"2026-02-19";"confirmed";"CFDT";"";"association";"";"";"True";"['https://www.cfdt.fr/sinformer/communiques-de-presse/securite-informatique-la-cfdt-victime-d-une-cyberattaque', 'https://bonjourlafuite.eu.org/img/cfdt.png']"
"2026-02-19";"confirmed";"FFCK et Sports de Pagaie";"";"federation";"";"['Nom, Prénom', 'Sexe', 'Date de naissance', 'Nom du club, Nom du comité départemental, Code du comité départemental, Nom du comité régional, Code du comité régional', 'Couleur de pagaie, Type de licence']";"";"['https://bonjourlafuite.eu.org/img/ffck.png']"
"2026-02-19";"confirmed";"IDMerit";"";"private_company";"3 milliards d’entrées";"['Nom, prénom', 'Adresse postale', 'Date de naissance', 'NIR', 'Numéro de téléphone', 'Adresse email', 'Métadonnées de télécommunication', 'Profils de réseaux sociaux']";"True";"['https://www.01net.com/actualites/1milliard-donnees-ultra-sensibles-exposees-internet.html']"
"2026-02-19";"claimed";"Ministère des Sports, de la Jeunesse et de la Vie associative";"";"public_authority";"";"['Données d’identification', 'État civil', 'Date et lieu de naissance', 'Coordonnées personnelles', 'Informations administratives et éducatives']";"";"['https://x.com/_SaxX_/status/2024735898236067940']"
"2026-02-20";"confirmed";"Fédération Française de Voitures Radio-Commandées";"EXALTO";"federation";"";"['nom, prénom', 'date de naissance', 'numéro de téléphone', 'adresse email', 'adresse postale']";"";"['https://www.ffvrc.fr/medias/fichiers/ACTUALITES/com-20260220-donnees.pdf']"
"2026-02-20";"claimed";"Keep Cool";"";"private_company";"400 000 adhérents et anciens adhérents, 313 personnels (coachs, staff)";"['nom, prénom', 'adresse email', 'numéro de téléphone', 'date de naissance', 'genre', ""numéro d'adhérent"", 'nom du club', ""données d'adhésion"", ""photo d'identité""]";"False";"[{'text': 'Source', 'href': 'https://x.com/seblatombe/status/2024834322692293114'}, 'https://bonjourlafuite.eu.org/img/keepcool.png']"
"2026-02-21";"confirmed";"Fédération Française d’Athlétisme";"";"federation";"11 millions d’adhérents";"['Nom, prénom', 'Adresse postale', 'Adresse email', 'Date et lieu de naissance', 'Numéro de téléphone', 'Type de licence', 'Fonction', 'Carte d’identité', 'Mot de passe en clair', 'Adresse IP']";"True";"['https://www.franceinfo.fr/internet/securite-sur-internet/cyberattaques/la-federation-francaise-d-athletisme-victime-d-une-cyberattaque_7820777.html', 'https://bonjourlafuite.eu.org/img/ffa.png', 'https://bonjourlafuite.eu.org/img/ffa-2.png']"
"2026-02-21";"confirmed";"Innovorder";"";"private_company";"";"['Commandes (IDs, tickets, montants TTC/HT/TVA, paiements EWallet)', 'Clients (noms, prénoms, emails, téléphones)', 'Restaurants (SIREN/TVA, adresses, tél pros)', 'Interface Orders (liste paid WEB, multi-restos, churn tags)']";"";"['https://bonjourlafuite.eu.org/img/innovorder.png', 'https://x.com/justabreach/status/2025191149430808797']"
"2026-02-21";"confirmed";"Paypal";"";"private_company";"";"['Nom, prénom', 'Numéro de téléphone', 'Adresse postale', 'Numéro de sécurité social', 'Date de naissance']";"True";"['https://bonjourlafuite.eu.org/img/paypal.png']"
"2026-02-21";"confirmed";"Réglo Mobile";"";"private_company";"";"['Nom, prénom', 'Adresse postale', 'Adresse email', 'Date de naissance', 'Numéro de téléphone', 'Code PUK', 'Relevés de communications', 'Numéro de carte bancaire (partiellement masqué)', 'IBAN (partiellement masqué)']";"True";"['https://www.reglomobile.fr/information-clients-B', 'https://bonjourlafuite.eu.org/img/reglo-mobile.png']"
"2026-02-22";"confirmed";"Craftok";"";"private_company";"";"['Compromission serveur']";"";"['https://bonjourlafuite.eu.org/img/craftok.jpg']"
"2026-02-22";"confirmed";"Fédération Française de Badminton";"Poona";"federation";"";"['Nom, prénom', 'Adresse postale', 'Adresse email', 'Date de naissance', 'Numéro de téléphone']";"";"['https://bonjourlafuite.eu.org/img/ffbad.png']"
"2026-02-22";"confirmed";"On Air Fitness";"Resamania et MaSalleDeSport";"private_company";"";"";"";"['https://bonjourlafuite.eu.org/img/on-air-1.png', 'https://bonjourlafuite.eu.org/img/on-air-2.png', 'https://x.com/_SaxX_/status/2025496600500404517']"
"2026-02-23";"claimed";"Mondial Relay";"";"private_company";"5M de données personnelles";"['Nom, prénom', 'Adresse postale', 'Adresse email', 'Date de naissance', 'Numéro de téléphone']";"";"['https://www.linkedin.com/posts/clementdomingo_cyberalert-france-nouvelle-cyberattaque-activity-7431969481234739200-Ctlf']"
"2026-02-23";"confirmed";"Olympique de Marseille";"";"private_company";"400 000 supporters";"['nom, prénom', 'adresse postale', 'date de naissance', 'numéro de téléphone', 'informations comptes de fidélité et historique de commandes', 'informations sur les membres du staff', 'profils réseaux sociaux']";"";"['https://www.butfootballclub.fr/1649828-om-le-club-victime-dune-cyberattaque-400-000-supporters-impactes/', 'https://bonjourlafuite.eu.org/img/om.jpg']"
"2026-02-23";"confirmed";"UnisCité";"";"association";"40 Go de données personnelles des volontaires service civique, dont 80 000 pièces d'identité";"['Identité (nom, prénom, statut)', 'Coordonnées (adresse, email, téléphone)', 'Données de mission (dates, statut)', 'Documents (CNI, photos, documents signés, actes de naissance)']";"True";"['https://x.com/_SaxX_/status/2026222843604726088', 'https://x.com/seblatombe/status/2026048207516807666']"
"2026-02-24";"confirmed";"Alinto";"";"private_company";"40 millions d’enregistrements";"['Émetteur et destinataire SMTP', 'Statistiques']";"";"['https://cybernews.com/security/alinto-email-data-leak-exposes-traffic/']"
"2026-02-24";"claimed";"Organisme pour la Sécurité de l’Aviation Civile";"";"private_company";"420 Go de données";"['Carte d’identité', 'Passeport', 'Diplôme', 'Justificatif de domicile', 'Document interne Thalès, Dassault Systèmes, Airbus, Boeing, FAA, armée…']";"True";"['https://bonjourlafuite.eu.org/img/osac.jpg']"
"2026-02-25";"confirmed";"Caisse d'allocations familiales";"Direction du Numérique (DINUM)";"public_authority";"";"['les données de contact relatives à la demande de RSA', 'matricule allocataire', 'nom et prénom(s) du bénéficiaire', 'nom et prénom(s) du responsable du dossier', 'numéro de sécurité sociale', 'date de la demande de RSA', 'date de début des droits et devoirs', 'numéro de téléphone', 'adresse électronique']";"";"['https://www.linkedin.com/posts/clementdomingo_cyberalert-france-cyberattaque-share-7432411450708586496-GqN-']"
"2026-02-25";"claimed";"Fédération Française d'Aïkido, Aïkibudo et Associées";"";"federation";"352 502 adhérents";"['civilité, nom, prénom, nom de naissance', 'date de naissance', 'profession', 'ville, département et pays de naissance', 'adresse email', 'numéro de téléphone', 'adresse postale', 'noms et prénoms des parents']";"False";"['https://bonjourlafuite.eu.org/img/ffaaa.png']"
"2026-02-26";"claimed";"Fédération Sportive et Culturelle de France";"";"federation";"";"['civilité, nom, prénom, genre', 'date de naissance', 'nationalité', 'pays de naissance', 'adresse postale', 'numéro de licence, code adhérent', 'discipline sportive', ""structure d'appartenance""]";"False";"['https://bonjourlafuite.eu.org/img/fscf.png']"
"2026-02-27";"confirmed";"Cegedim";"";"private_company";"11 à 15 millions de patients de 25 000 cabinets médicaux et 500 centres de santé";"['nom, prénom', 'coordonnées', 'dossier médical (commentaires médecins, pathologies, antécédents)', 'orientation sexuelle', 'convictions religieuses']";"True";"['https://www.cegedim.fr/Communique/Cegedim_Communique26022026.pdf', 'https://www.franceinfo.fr/sante/enquete-francetv-une-fuite-massive-de-donnees-medicales-inquiete-en-france_7831823.html']"
"2026-02-27";"confirmed";"ESPCI";"";"public_authority";"";"['Civilité, nom et prénom d’usage', 'Courriel pro, et éventuellement personnel s’il a été renseigné', 'Données d’identification: nom d’utilisateur, mais pas le mot de passe', 'Fonction et affectation', 'Photo, sauf si il avait été indiqué qu’elle ne devait servir qu’au badge', 'Permissions d’accès aux services et aux locaux', 'Abonnements aux listes de diffusion', 'Pour les étudiants: inscriptions pédagogiques', 'Pour le personnel: employeur, domaine d’activité (BAP, section CNRS et CNU)', 'Pour le personnel salarié de la régie: corps, date de fin de contrat', 'Pour les prestataires, partenaires et extérieurs: employeur, catégorie socioprofessionnelle']";"";"['https://next.ink/brief_article/fuite-de-donnees-personnelles-a-lecole-dingenieurs-espci/']"
"2026-02-27";"confirmed";"Fédération Française de Gym";"";"federation";"";"['Nom, prénom', 'Date de naissance', 'Genre', 'Adresse postale', 'Adresse mail', 'Numéro de téléphone', 'N° de licence']";"";"['https://bonjourlafuite.eu.org/img/ffg.png']"
"2026-02-27";"claimed";"Fédération Française de Ski";"";"federation";"203 179 membres depuis 1999";"['nom de naissance, prénom, genre', 'date de naissance', 'pays et ville de naissance', 'adresse postale', 'adresse email', 'numéro de téléphone', 'membres de la famille associés', 'type de licence, assurance, club']";"False";"['https://bonjourlafuite.eu.org/img/ffski.png']"
"2026-02-27";"confirmed";"Westfield club";"";"private_company";"";"['Nom, prénom', 'Adresse email', 'Numéro de téléphone', 'Code postal', 'Date de naissance', 'Plaque d’immatriculation']";"";"['https://bonjourlafuite.eu.org/img/westfield.png']"
"2026-02-28";"confirmed";"Fédération Française d'Aéronautique";"";"federation";"343 734 membres (2002-2026)";"['nom, prénom', 'date de naissance', 'adresse postale', 'adresse email', 'numéro de téléphone', 'numéro et type de licence']";"False";"['https://bonjourlafuite.eu.org/img/ffa.png', 'https://bonjourlafuite.eu.org/img/ffa_confirmed.png']"
"2026-02-28";"claimed";"Fédération Française de Rugby à XIII";"";"federation";"37 472 photos de licenciés dont environ 37 000 mineurs";"[""photo d'identité (dont mineurs)"", 'nom, prénom', 'date de naissance', 'numéro de licence', 'club']";"True";"['https://bonjourlafuite.eu.org/img/ffrxiii.png']"
"2026-02-28";"claimed";"Union Nationale du Sport Scolaire";"";"association";"668 000 membres en 2025/2026, 889 000 membres années précédentes";"['nom, prénom', 'date de naissance', 'genre', ""catégorie d'âge"", 'classe et établissement scolaire', 'identifiant licencié', 'assurance', ""date d'inscription"", 'photo (URL)']";"True";"['https://bonjourlafuite.eu.org/img/unss.png']"
"2026-03-01";"claimed";"Ayomi";"";"private_company";"";"[""photo de pièce d'identité"", 'extrait Kbis']";"False";"['https://bonjourlafuite.eu.org/img/ayomi.png']"
"2026-03-01";"confirmed";"Protection Civile";"";"association";"";"['Nom, prénom', 'Date de naissance', 'Numéro de téléphone', 'Numéro client', 'Photo de profil', 'Département d’affectation']";"";"['https://bonjourlafuite.eu.org/img/protection-civile.webp']"
"2026-03-02";"confirmed";"Centre des Monuments Nationaux";"";"public_authority";"";"['Nom, prénom', 'Adresse mail', 'Historique d’achat', 'Code postal, pays', 'Mot de passe chiffré (???)']";"";"['https://bonjourlafuite.eu.org/img/centre-monuments-nationaux.png']"
"2026-03-02";"confirmed";"Cloud Imperium Games";"";"private_company";"";"['Nom, prénom', 'Pseudo', 'Date de naissance', 'Données de contact']";"";"['https://bonjourlafuite.eu.org/img/rsi.png']"
"2026-03-02";"claimed";"Lisi";"";"private_company";"";"['IBAN', 'Contrat', 'Données d’entreprise']";"True";"['https://bonjourlafuite.eu.org/img/lisi.png']"
"2026-03-02";"confirmed";"MDPH 92";"";"public_authority";"500 adresses emails (par lot ?)";"['Adresse mail']";"True";"['https://bonjourlafuite.eu.org/img/mdph-92.jpg']"
"2026-03-02";"confirmed";"Musée océanographique de Monaco";"Vivaticket";"public_authority";"";"['Nom, prénom', 'Date de naissance', 'Adresse email', 'Numéro de téléphone', 'Code postal et ville', 'Historique des commandes', 'Événements réservés, type et nombre', 'Mot de passe']";"";"['https://bonjourlafuite.eu.org/img/oceano-monaco.png']"
"2026-03-02";"confirmed";"Palais de la Porte Dorée";"";"private_company";"";"['Nom, prénom', 'Adresse email', 'Adresse postale', 'Numéro de téléphone', 'Date de naissance', 'Historique des achats', 'Mot de passe chiffré (??? 🤷)']";"";"['https://bonjourlafuite.eu.org/img/palais-porte-doree.png']"
"2026-03-02";"confirmed";"Plateforme des Cours d’Adultes de Paris";"";"private_company";"";"['Nom et prénom', 'Date de naissance', 'Adresse électronique', 'Adresse postale', 'Numéro de téléphone']";"";"['https://bonjourlafuite.eu.org/img/cours-adultes-paris.png']"
"2026-03-02";"confirmed";"Tactis";"";"private_company";"";"['Ransomware']";"";"['https://bonjourlafuite.eu.org/img/tactis.png']"
"2026-03-02";"confirmed";"Ville d’Orléans";"Vivaticket";"public_authority";"";"['Nom, prénom', 'Adresse mail', 'Login', 'Mot de passe chiffré (🤷)']";"";"['https://bonjourlafuite.eu.org/img/orleans.png']"
"2026-03-04";"claimed";"Agence Nationale de la Cohésion des Territoires (ANCT)";"";"public_authority";"";"['Nom, prénom', 'Employeur', 'Adresse email (pro)', 'Numéro de téléphone (pro)', 'Adresse postale (pro)', ""Présentation et domaine d'expertise"", 'Groupes de travail']";"";"['https://bonjourlafuite.eu.org/img/anct.png']"
"2026-03-04";"claimed";"Banque Alimentaire";"";"association";"659 658 familles (1 462 485 personnes, accompagnées depuis 2012)";"['nom, prénom', 'date de naissance (adultes et mineurs)', 'adresse postale, téléphone', 'noms, prénoms des enfants', 'situation familiale', 'situation professionnelle', 'quotient familial, reste à vivre', 'historique de passages et de paiements', 'commentaires de travailleurs sociaux', ""identifiants et mots de passe d'associations partenaires"", 'noms, prénoms des travailleurs sociaux', 'adresses mails des travailleurs sociaux', 'téléphones de travailleurs sociaux']";"True";"['https://bonjourlafuite.eu.org/img/banquesalimentaires.png']"
"2026-03-05";"confirmed";"Florajet";"";"private_company";"";"['Nom, prénom', 'Numéro de téléphone', 'Adresse postale', 'Achat effectué', 'Message d’accompagnement']";"True";"['https://bonjourlafuite.eu.org/img/florajet.png']"
"2026-03-05";"claimed";"Penninghen";"";"private_company";"";"['Nom, prénom', 'Date de naissance', 'Numéro de sécurité sociale', 'Numéros de téléphone (étudiant + parents)', 'Adresses postales (étudiant + parents)', 'Adresses email (étudiant + parents)', 'Situation familiale', 'Nom, prénom, profession de la fratrie', 'Établissement scolaire', ""Photo d'identité"", ""Pièce d'identité (passeport ou CNI)"", 'IBAN', 'Bulletin de notes']";"True";"['https://bonjourlafuite.eu.org/img/penninghen.png']"
"2026-03-09";"confirmed";"Mondial Relay";"";"private_company";"";"['Nom', 'Liste des produits commandés', 'Instruction de livraison', 'Information technique et logistiques sur les colis']";"";"['https://bonjourlafuite.eu.org/img/mondial-relay-2.png']"
"2026-03-10";"confirmed";"Région Occitanie";"";"public_authority";"";"['Nom, prénom', 'Date de naissance', 'Adresse email', 'Numéro de téléphone', 'Date de naissance']";"";"['https://bonjourlafuite.eu.org/img/region-occitanie.png']"
"2026-03-10";"confirmed";"Vivaticket";"";"private_company";"";"['Nom, prénom', 'Adresse email', 'Données relatives aux comptes utilisateurs']";"";"['https://bonjourlafuite.eu.org/img/vivaticket.png']"
"2026-03-11";"confirmed";"Pronote";"";"private_company";"";"";"";"['https://bonjourlafuite.eu.org/img/pronote.png']"
"2026-03-12";"confirmed";"Médoucine";"";"private_company";"";"['Nom, prénom', 'Adresse mail', 'Numéro de téléphone', 'Nombre de rendez-vous']";"";"['https://bonjourlafuite.eu.org/img/medoucine.png']"
"2026-03-16";"confirmed";"Miléade";"";"private_company";"";"['Nom et prénom', 'Adresse e-mail', 'Numéro de téléphone', 'Ville de destination', 'Dates de séjour', 'Prix (erroné) (🤷) du séjour']";"";"['https://bonjourlafuite.eu.org/img/mileade.png']"
"2026-03-17";"confirmed";"Bibliothèque Nationale de France";"";"public_authority";"";"['Nom, prénom', 'Adresse électronique']";"";"['https://bonjourlafuite.eu.org/img/bnf.png']"
"2026-03-17";"confirmed";"Pierre Hermé";"";"private_company";"";"['Nom, prénom', 'Adresse email', 'Données de carte bancaire']";"True";"['https://bonjourlafuite.eu.org/img/pierre-herme.png']"
"2026-03-18";"confirmed";"Mingat";"";"private_company";"";"['Ransomware']";"";"['https://bonjourlafuite.eu.org/img/mingat.png']"
"2026-03-18";"confirmed";"Musée des Arts et Métier";"";"private_company";"";"['Nom, prénom', 'Adresse mail', 'Information liés au compte utilisateur', 'Commandes']";"";"['https://bonjourlafuite.eu.org/img/muam.png']"
"2026-03-20";"confirmed";"La Mutuelle Familiale";"";"private_company";"";"";"";"['https://www.argusdelassurance.com/assurance-de-personnes/cyber-attaque-une-mutuelle-victime-dune-intrusion-plus-113-000-assures-potentiellement-concernes.VNWUABFCXBFHRMZZXKFNZW7R3Q.html']"
"2026-03-21";"confirmed";"Enseignement Catholique";"";"private_company";"";"['Nom, prénom', 'Établissement, classe', 'Date de naissance', 'Adresse postale', 'Adresse email', 'Numéro de téléphone']";"";"['https://bonjourlafuite.eu.org/img/enseignement-catholique.png']"
"2026-03-23";"confirmed";"I-Cad";"";"private_company";"";"['Adresse email']";"";"['https://www.i-cad.fr/articles/communication-publique-usagers-incident-securite']"
"2026-03-24";"confirmed";"CROUS";"";"public_authority";"";"['Nom, prénom', 'Adresse email', 'Date et objet du rendez-vous', 'Pièces jointes']";"";"['https://www.lescrous.fr/2026/03/exfiltration-de-donnees-provenant-du-site-mesrdv-etudiant-gouv-fr/']"
"2026-03-24";"confirmed";"Crunchyroll";"";"private_company";"";"['Nom, prénom', 'Adresse email', 'Adresse IP', 'Données bancaires']";"True";"['https://www.tomsguide.fr/piratage-de-crunchyroll-des-cartes-bancaires-de-clients-seraient-compromises/']"
"2026-03-24";"confirmed";"Europa (Commission Européenne)";"";"public_authority";"";"";"";"['https://ec.europa.eu/commission/presscorner/detail/fr/ip_26_748', 'https://next.ink/brief_article/nouvelle-fuite-de-donnees-a-la-commission-europeenne/']"
"2026-03-24";"confirmed";"Fédération Française de Vol Libre";"";"federation";"";"['Nom, prénom,', 'Numéro de licence fédérale', 'Structure de rattachement', 'Sports pratiqués', 'Âge et date de naissance', 'Qualifications éventuelles']";"";"['https://bonjourlafuite.eu.org/img/ffvl.png']"
"2026-03-24";"confirmed";"Métropole Marseille-Provence";"";"public_authority";"";"['Adresse email']";"";"['https://bonjourlafuite.eu.org/img/metropole-marseille-provence.png']"
"2026-03-24";"confirmed";"Éducation Nationale";"";"public_authority";"243 000 agents";"['Nom, prénom', 'Adresse postale', 'Numéro de téléphone', 'Périodes d’absence', 'Coordonnées professionnels des tuteurs']";"True";"['https://www.education.gouv.fr/incident-de-securite-affectant-les-donnees-de-certains-personnels-de-l-education-nationale-470657', 'https://www.clubic.com/actualite-605827-piratage-tres-inquietant-a-l-education-nationale-le-ministere-reconnait-l-incident-et-la-difficulte-a-le-reperer.html']"
"2026-03-25";"confirmed";"Cerballiance";"";"private_company";"";"['Nom, prénom', 'Identifiant de connexion', 'Mot de passe crypté (🤷)', 'Comptes-rendus d’analyses médicales', 'Numéro de sécurité sociale']";"True";"['https://bonjourlafuite.eu.org/img/cerballiance-2.png']"
"2026-03-26";"confirmed";"Airsoft Entrepot";"";"private_company";"";"['Nom, prénom', 'Adresse postale', 'Adresse email', 'Numéro de téléphone', 'Contenu des commandes']";"";"['https://bonjourlafuite.eu.org/img/airsoft-entrepot.png']"
"2026-03-26";"confirmed";"Les Champs Libres";"";"private_company";"";"['Nom, prénom', 'Adresse email', 'Numéro de téléphone', 'Mot de passe (🤬)']";"";"['https://bonjourlafuite.eu.org/img/champs-libres.png']"
"2026-03-27";"confirmed";"Allo Pneus";"";"private_company";"";"['Nom, prénom', 'Adresse email', 'Numéro de téléphone', 'Adresse de montage', 'Adresse de facturation', 'Numéro de commande', 'Dimension des pneus, quantité', 'Date d’intervention']";"";"['https://bonjourlafuite.eu.org/img/allopneus.png']"
"2026-03-27";"confirmed";"Système d’Information sur les Armes";"";"public_authority";"";"['Nom, prénom', 'Adresse postale', 'Adresse email', 'Type, marque et modèle de l’arme']";"True";"['https://bonjourlafuite.eu.org/img/sia.jpg']"
"2026-03-30";"confirmed";"Belambra";"";"private_company";"";"['Nom, prénom', 'Adresse email', 'Numero de téléphone', 'Date de séjour', 'Montant du séjour', 'Destination']";"";"['https://bonjourlafuite.eu.org/img/belambra.png']"
"2026-03-30";"confirmed";"GDQuest";"";"private_company";"";"['Adresse email', 'Titre et tarif des cours suivi', 'Pseudo et slug du compte']";"";"['https://bonjourlafuite.eu.org/img/gdquest.png']"
"2026-03-30";"confirmed";"Le Petit Vapoteur";"";"private_company";"3.3 millions de clients";"['Nom, prénom', 'Adresse email', 'Adresse postale', 'Numéro de téléphone', 'Date de naissance', 'Adresse IP', 'Poste occupé', 'Avatar']";"";"['https://bonjourlafuite.eu.org/img/petit-vapoteur-1.png', 'https://bonjourlafuite.eu.org/img/petit-vapoteur-2.png']"
"2026-03-31";"confirmed";"Homair";"";"private_company";"";"['Nom, prénom', 'Numéro de téléphone', 'Adresse email', 'Destination', 'Date d’arrivée et de départ', 'Montant de la réservation']";"";"['https://bonjourlafuite.eu.org/img/homair.png']"
"2026-03-31";"confirmed";"La Mine Bleue";"Vivaticket";"private_company";"";"['Nom, prénom', 'Code postal, pays', 'Adresse email', 'Historique des achats']";"";"['https://bonjourlafuite.eu.org/img/minebleue.png']"
"2026-03-31";"confirmed";"Vaucluse Provence Attractivité";"";"public_authority";"";"['Malware']";"";"['https://bonjourlafuite.eu.org/img/vaucluse-provence-attractivite.png']"
"2026-04-01";"confirmed";"Force Ouvrière";"";"association";"";"['Nom, prénom', 'Date de naissance', 'Adresse postale', 'Numéro de téléphone', 'Adresse email', 'Informations professionnelles', 'Situation professionnelle', 'Employeur', 'Convention collective', 'Syndicat']";"True";"['https://bonjourlafuite.eu.org/img/fo.png']"
"2026-04-02";"confirmed";"Gold Union";"";"private_company";"";"['Nom, prénom', 'Adresse postale', 'Carte d’identité', 'Factures', 'IBAN']";"True";"['https://bonjourlafuite.eu.org/img/gold-union.png']"
"2026-04-02";"confirmed";"Under Armour";"";"private_company";"";"['Adresse email', 'Genre', 'Code postal', 'Préférences de produit', 'Articles achetés']";"";"['https://bonjourlafuite.eu.org/img/under-armour.png']"
"2026-04-03";"confirmed";"Or en cash";"";"private_company";"";"['Nom, prénom', 'Numéro de téléphone', 'Adresse e-mail', ""Historique d'achat"", 'Numéro de commande', ""Type d'achat"", ""Date d'achat""]";"";"['https://bonjourlafuite.eu.org/img/or-cash.png']"
"2026-04-04";"confirmed";"Contrat d’intégration républicaine";"";"public_authority";"";"['Nom, prénom', 'Adresse email', 'Adresse postale', 'Numéro de téléphone']";"";"['https://bonjourlafuite.eu.org/img/ofii.jpg']"
"2026-04-04";"confirmed";"Fédération Française de Rugby";"";"federation";"~50 000 licenciés";"['Nom, prénom', 'Numéro de license']";"";"['https://bonjourlafuite.eu.org/img/ffr.png']"
"2026-04-04";"confirmed";"La Quiberonnaise";"";"private_company";"";"['Nom, prénom', 'Adresse postale', 'Adresse email', 'Numéro de téléphone']";"";"['https://bonjourlafuite.eu.org/img/quiberonnaise.png']"
"2026-04-06";"claimed";"AlumnForce";"";"private_company";"2,7 millions de personnes";"['Identité : nom, prénom', 'Contact : email, numéro de téléphone', 'Localisation : ville, code postal, lieu de travail', 'Poste actuel : fonction occupée', 'Expériences professionnelles : postes, entreprises, périodes', 'Formation : programme, statut du diplôme', 'Recherche d’emploi : poste visé, secteurs, mobilité, disponibilité', 'Rémunération : fourchettes salariales, préférences', 'Compte plateforme : date d’inscription, dernières mises à jour']";"";"['https://www.cyberattaque.org/alumnforce-2-7-millions-etudiants-exposes/']"
"2026-04-06";"confirmed";"Ymed";"";"private_company";"";"['Nom, prénom', 'Date de naissance', 'Numéro de téléphone', 'Adresse email', 'Adresse postale', 'Documents d’identité', 'Attestation de droit et de mutuelle', 'Compte-rendus d’examen']";"True";"['https://bonjourlafuite.eu.org/img/ymed.png']"
"2026-04-07";"confirmed";"KFC";"";"private_company";"";"['Nom, prénom', 'Adresse email', 'Numéro de téléphone', 'Numéro de fidélité']";"";"['https://bonjourlafuite.eu.org/img/kfc.png']"
"2026-04-08";"confirmed";"Alumni université de Strasbourg";"AlumnForce";"public_authority";"";"['Prénom, nom', 'Adresse email', 'Numéro de téléphone', 'Code postal, ville', 'Titre courant du poste', 'Souhaits professionnels\xa0: Secteurs, rémunérations recherchés, pays ou villes + codes postaux recherchés, poste recherché, niveau d’expérience', 'Expérience professionnelle\xa0: mois et anné, titre du poste, entreprise, ville', 'Parcours au sein du réseau\xa0: diplôme obtenu en année, nom du diplôme)', 'Compétences']";"";"['https://bonjourlafuite.eu.org/img/alumni-universite-strasbourg.png']"
"2026-04-10";"confirmed";"Alumni Université Côte d’Azur";"AlumnForce";"private_company";"";"['Nom, prénom', 'Adresse email', 'Numéro de téléphone', 'Code postal, ville', 'Titre courant du poste', 'Souhait professionnel', 'Expérience professionnelle', 'Parcours au sein du réseau', 'Diplôme obtenu, année', 'Compétence']";"";"['https://bonjourlafuite.eu.org/img/alumni-universite-cote-azur.png']"
"2026-04-10";"confirmed";"ENSAI Network";"AlumnForce";"public_authority";"";"['Nom, prénom', 'Adresse email', 'Numéro de téléphone', 'Code postal, ville', 'Titre courant du poste', 'Souhait professionnel', 'Expérience professionnelle', 'Parcours au sein du réseau', 'Diplôme obtenu, année', 'Compétence']";"";"['https://bonjourlafuite.eu.org/img/ensai-network.png']"
"2026-04-10";"confirmed";"Easy Lounge";"";"private_company";"";"['Nom, prénom', 'Adresse email', 'Adresse postale', 'Numéro de téléphone', 'Historique des commandes']";"";"['https://bonjourlafuite.eu.org/img/easy-lounge.png']"
"2026-04-10";"confirmed";"Lilagora";"AlumnForce";"public_authority";"";"['Nom, prénom', 'Adresse email', 'Numéro de téléphone', 'Code postal, ville', 'Titre courant du poste', 'Souhait professionnel', 'Expérience professionnelle', 'Parcours au sein du réseau', 'Diplôme obtenu, année', 'Compétence']";"";"['https://bonjourlafuite.eu.org/img/lilagora.png']"
"2026-04-10";"confirmed";"Son-Vidéo.com";"";"private_company";"";"['Nom, prénom', 'Adresse email', 'Adresse postale', 'Numéro de téléphone', 'Historique des commandes']";"";"['https://bonjourlafuite.eu.org/img/son-video.png']"
"2026-04-10";"confirmed";"UPPA Alumni";"AlumnForce";"public_authority";"";"['Nom, prénom', 'Adresse email', 'Numéro de téléphone', 'Code postal, ville', 'Titre courant du poste', 'Souhait professionnel', 'Expérience professionnelle', 'Parcours au sein du réseau', 'Diplôme obtenu, année', 'Compétence']";"";"['https://bonjourlafuite.eu.org/img/uppa-alumni.png']"
"2026-04-12";"confirmed";"Booking";"";"private_company";"";"['Nom, prénom', 'Adresse email', 'Adresse postale', 'Numéro de téléphone', 'Toute information communiquée']";"";"['https://bonjourlafuite.eu.org/img/booking.png']"
"2026-04-13";"confirmed";"Basic Fit";"";"private_company";"";"['Adresse e-mail', 'Prénom et nom de famille', 'Adresse et ville', 'Numéro de téléphone', 'Numéro de compte bancaire', 'Titulaire du compte bancaire', 'Date de naissance', 'Informations sur les membres', ""Frais d'adhésion impayés""]";"True";"['https://bonjourlafuite.eu.org/img/basic-fit.png']"
"2026-04-13";"confirmed";"Chateau royal de Blois / Maison de la Magie";"";"public_authority";"";"['Nom, préno', 'Adresse email', 'Date de naissance', 'Numéro de téléphone', 'Numéro de fax', 'Adresse postale', 'Numéro de TVA']";"";"['https://bonjourlafuite.eu.org/img/chateau-blois.png']"
"2026-04-13";"confirmed";"IAE Grenoble";"AlumnForce";"public_authority";"";"['Nom, prénom', 'Adresse email', 'Numéro de téléphone', 'Code postal, ville', 'Titre courant du poste', 'Souhait professionnel', 'Expérience professionnelle', 'Parcours au sein du réseau', 'Diplôme obtenu, année', 'Compétence']";"";"['https://bonjourlafuite.eu.org/img/iae-grenoble.png']"
"2026-04-13";"confirmed";"ImmoJeune";"";"private_company";"";"['Nom, prénom', 'Adresse email', 'Numéro de téléphone', 'Adresse postale', 'Revenus', 'Pièce d’identité', 'Justificatifs de revenus']";"True";"['https://bonjourlafuite.eu.org/img/immojeune.png']"
"2026-04-14";"confirmed";"Éducation Nationale (ÉduConnect)";"";"public_authority";"";"['Nom, prénom', 'Identifiant ÉduConnect', 'Établissement et classe', 'Adresse email', 'Code d’activation']";"";"['https://www.education.gouv.fr/incident-de-securite-affectant-les-donnees-de-certains-eleves-de-l-education-nationale-504443']"
"2026-04-15";"confirmed";"France Titre / ANTS";"";"public_authority";"";"['Nom, prénom', 'Identifiant de compte', 'Adresse email', 'Raison sociale', 'SIREN', 'ID portail', 'Numéro d’habilitation et d’aggrément', 'Adresse postale', 'Numéro de téléphone']";"";"['https://bonjourlafuite.eu.org/img/france-titre.png']"
"2026-04-16";"confirmed";"Police Nationale";"e-Campus";"public_authority";"170 000 agents";"['Nom, prénom', 'Adresse email', 'Ville', 'Informations utilisateurs', 'Login', 'Premières et dernières connexions', 'modules suivis', 'Badges obtenus', 'Outils et portails utilisés']";"";"['https://bonjourlafuite.eu.org/img/police-nationale.jpg']"
"2026-04-17";"confirmed";"Bazar du Manga";"";"private_company";"";"";"";"['https://bonjourlafuite.eu.org/img/bazar-manga.png']"
"2026-04-17";"confirmed";"Brit Hotel";"";"private_company";"";"['Nom, prénom', 'Adresse email', 'Numéro de téléphone', 'Adresse postale', 'Informations de réservations', 'Compte de fidélité']";"";"['https://bonjourlafuite.eu.org/img/brit-hotel.png']"
"2026-04-17";"confirmed";"Jeu Jouet";"";"private_company";"";"";"";"['https://bonjourlafuite.eu.org/img/jeu-jouet.png']"
"2026-04-17";"confirmed";"Moulin Roty";"";"private_company";"";"";"";"['https://bonjourlafuite.eu.org/img/moulin-roty.png']"
"2026-04-22";"confirmed";"Best Western";"";"private_company";"";"['Nom', 'Adresse email', 'Numéro de téléphone', 'Adresse postale', 'Numéro de réservation', 'Date de séjour']";"";"['https://bonjourlafuite.eu.org/img/best-western.png']"
"2026-04-22";"confirmed";"Rituals";"";"private_company";"";"";"";"['https://bonjourlafuite.eu.org/img/rituals.png']"
"2026-04-22";"confirmed";"Wazari";"";"private_company";"";"['Nom, prénom', 'Date de naissance', 'Véhicule', 'Contrat d’assurance']";"";"['https://bonjourlafuite.eu.org/img/wazari.png']"
"2026-04-23";"confirmed";"My Piscine";"";"private_company";"";"['Nom, prénom', 'Adresse email', 'Adresse postale', 'Historique de commande', 'Mot de passe «\xa0sécurisé\xa0» (🤷)']";"";"['https://bonjourlafuite.eu.org/img/mypiscine.png']"
"2026-04-23";"confirmed";"Parcoursup";"";"public_authority";"";"['Nom, prénom', 'Nationalité', 'Date de naissance', 'Adresse postale', 'Adresse email', 'Numéro de téléphone', 'Information sur la scolarité', 'Status boursier', 'Parcours de formation', 'Lien de parenté', 'Catégorie socio-professionnelle']";"";"['https://www.enseignementsup-recherche.gouv.fr/fr/incident-de-securite-affectant-les-donnees-de-certains-candidats-des-sessions-parcoursup-2023-et-101350']"
"2026-04-24";"confirmed";"Agence Nationale des Fréquences";"";"public_authority";"";"['Nom, prénom', 'Adresse postale', 'Numéro de téléphone', 'Adresse email', 'Date de naissance']";"";"['https://bonjourlafuite.eu.org/img/anfr.png']"
"2026-04-24";"confirmed";"Système U";"";"private_company";"";"['Nom, prénom', 'Status professionel', 'Adresse email', 'Adresse postale', 'Numéro de téléphone', 'Numéro de la carte de fidélité']";"";"['https://bonjourlafuite.eu.org/img/systeme-u.png']"
"2026-04-25";"confirmed";"Céram Décor";"";"private_company";"";"['Nom, prénom', 'Adresse email', 'Numéro de téléphone', 'Adresse postale', 'Mot de passe hashé']";"";"['ceram-decor.png']"
"2026-04-25";"confirmed";"EduConnect";"";"public_authority";"";"['Nom, prénom', 'Identifiant ÉduConnect', 'Établissement, classe', 'Adresse email', 'Code d’activation']";"";"['https://educonnect.education.gouv.fr/educt-aide/violation_donnees_educonnect.html', 'https://bonjourlafuite.eu.org/img/2026-04-25_EduConnect.png']"
"2026-04-27";"confirmed";"Agence de Services et de Paiement";"";"public_authority";"";"['Nom, prénom', 'Numéro de sécurité sociale', 'Adresse postale', 'Avis de paiement', 'IBAN']";"True";"['https://bonjourlafuite.eu.org/img/2026-04-01_asp.png']"
"2026-04-27";"confirmed";"EasyCash";"";"private_company";"";"['Nom, prénom', 'Date de naissance', 'Numéro de carte de fidélité', 'Adresse email']";"";"['https://bonjourlafuite.eu.org/img/easycash-2.webp']"
"2026-04-28";"confirmed";"Acrimed";"";"association";"";"['Adresse email', 'Mot de passe chiffré (🤷)', 'Commandes passées']";"";"['https://bonjourlafuite.eu.org/img/acrimed.png']"
"2026-04-29";"confirmed";"Métropole de Bordeaux";"Service taxe de séjour";"public_authority";"";"['Nom, prénom', 'Adresse email', 'Adresse postale', 'Numéro de téléphone', 'Numéro d’enregistrement', 'Date de déclaration', 'Nature, type et capacité du bien']";"";"['https://bonjourlafuite.eu.org/img/metropole-bordeaux.jpeg']"
"2026-04-29";"confirmed";"Métropole de Saint-Étienne";"";"public_authority";"";"";"";"['https://bonjourlafuite.eu.org/img/metropole-saint-etienne.webp']"
"2026-04-30";"confirmed";"Ankama";"";"private_company";"";"['Nom, prénom', 'Adresse email', 'Moyen de paiement (partiel)', 'Date de la commande', 'Article acheté', 'Montant', 'Pays']";"";"['https://bonjourlafuite.eu.org/img/ankama.png']"
"2026-04-30";"confirmed";"Umanens";"";"private_company";"";"['Nom, prénom', 'Adresse postale', 'Adresse email', 'Numéro de téléphone', 'Date et lieu de naissance', 'Composition familiale', 'Contrats, échéanciers', 'Nature des prestations', 'Montant des remboursements', 'RIB', 'Carte d’identité', 'Attestation de Sécurité Sociale']";"True";"['https://bonjourlafuite.eu.org/img/umanens.png']"
"2026-05-03";"confirmed";"Fédération Française de Basketball";"";"federation";"";"['Nom, prénom', 'Date de naissance', 'Adresse postale', 'Adresse électronique', 'Numéro de téléphone', 'Numéro de licence', 'Club']";"";"['https://www.ffbb.com/actualites/la-ffbb-informe-dun-acces-non-autorise-a-ses-donnees-licencies']"
"2026-05-03";"confirmed";"Interrail";"";"private_company";"";"['Nome, prénom', 'Adresse email', 'Adresse postale', 'Numéro de téléphone', 'Numéro de passport, date de délivrance, date d’expiration', 'Accompagnants']";"";"['https://bonjourlafuite.eu.org/img/interrail.png']"
"2026-05-04";"confirmed";"West Pharmaceutical";"";"private_company";"";"['Ransomware']";"";"['https://france3-regions.franceinfo.fr/hauts-de-france/aisne/piratage-informatique-de-l-usine-west-pharmaceutical-la-mesure-des-cyberattaques-n-est-pas-prise-en-serieux-en-france-3349204.html']"
"2026-05-06";"confirmed";"Agence du Service Civique";"";"public_authority";"";"['Nom, prénom', 'Adresse email', 'Adresse postale', 'Numéro de téléphone']";"";"['https://hubtr.service-civique.gouv.fr/mirror28/3182/397?k=65677301a478b90e4b549d48d88cca84']"
"2026-05-07";"confirmed";"Bilov";"";"private_company";"";"";"";"['https://bonjourlafuite.eu.org/img/bilov.jpg']"
"2026-05-08";"confirmed";"Arsène Valentin";"";"private_company";"";"['Nom, prénom', 'Adresse email', 'Adresse postale', 'Numéro de téléphone', 'Date de naissance', 'Historique des commandes']";"";"['https://bonjourlafuite.eu.org/img/arsene-valentin.png']"
"2026-05-08";"confirmed";"Bouygues Telecom";"";"private_company";"";"['Nom, prénom', 'Adresse postale', 'Adresse email', 'Numéro de téléphone', 'Date de naissance']";"";"['https://bonjourlafuite.eu.org/img/bouygues-2.png']"
"2026-05-09";"confirmed";"La France Insoumise";"";"private_company";"";"['Nom, prénom', 'Adresse email', 'Adresse postale', 'Information de profil', 'Participations à groupes ou évènements']";"True";"['https://bonjourlafuite.eu.org/img/lfi.png']"
"2026-05-09";"confirmed";"Ville de Roubaix";"";"public_authority";"";"['Nom, prénom', 'Situation familiale', 'École de rattachement']";"";"['https://www.roubaixxl.fr/incident-securite-kiosque-famille-service-education/']"
"2026-05-11";"confirmed";"Enercoop";"";"private_company";"";"['Envoi frauduleux d’email']";"";"['https://www.faq.enercoop.fr/hc/fr/articles/35519628613266-Information-incident-de-s%C3%A9curit%C3%A9-11-mai-2026']"
"2026-05-11";"confirmed";"Once for all";"Actradis";"private_company";"";"['Nom, prénom', 'Adresse email', 'Numéro de téléphone']";"";"['https://bonjourlafuite.eu.org/img/onceforall.png']"
"2026-05-12";"confirmed";"Kiosque famille de la ville de Roubaix";"";"private_company";"";"['Nom, prénom', 'Situation familiale', 'École de rattachement']";"";"['https://www.roubaixxl.fr/incident-securite-kiosque-famille-service-education/']"
"2026-05-14";"confirmed";"la france du nord au sud (Maeva)";"";"private_company";"";"['nom et prénom', 'numéro de téléphone', 'date de naissance des participants au séjour', 'numéro de réservation, date & lieu de séjour']";"False";"['https://bonjourlafuite.eu.org/img/lafrancedunordausud.fr_2026-05-14.png']"
"2026-05-15";"confirmed";"Pierre et Vacances Center Parcs";"";"private_company";"1.6 millions de réservations";"['Numéro de réservation', 'Dates et lieu de séjour', 'Noms', 'Numéro de téléphone', 'Date de naissance']";"";"['https://www.lemonde.fr/pixels/article/2026/05/15/fuite-de-donnees-chez-pierre-et-vacances-center-parcs-1-6-million-de-reservations-concernees_6689486_4408996.html']"
"2026-05-17";"confirmed";"Gîtes de France";"ITEA";"private_company";"";"['Nom et prénom', 'Adresse e-mail', 'Numéro de téléphone', 'Dates de séjour', 'Informations de réservation']";"";"['https://bonjourlafuite.eu.org/img/gites-de-france.png']"
"2026-05-18";"confirmed";"Gîtes de France";"";"private_company";"";"['Nom, prénom', 'Adresse postale', 'Adresse mail', 'Numéro de téléphone', 'Date du séjour', 'Nombre de nuités']";"";"['https://www.tf1info.fr/justice-faits-divers/vol-de-donnees-gites-de-france-vise-a-son-tour-par-une-cyberattaque-pres-de-400-000-clients-potentiellement-concernes-2442055.html']"
"2026-05-18";"confirmed";"Largo";"";"private_company";"";"['Nom, prénom', 'Adresse email', 'Numéro de téléphone', 'Données de compte client', 'Données d’achat']";"";"['https://bonjourlafuite.eu.org/img/largo.png']"
"2026-05-19";"confirmed";"Maeva";"";"private_company";"";"['Nom, prénom', 'Numéro de téléphone', 'Date de naissance', 'Numéro de réservation', 'Date et lieu de séjour']";"";"['https://bonjourlafuite.eu.org/img/maeva.png']"
"2026-05-21";"confirmed";"McDonald's France";"";"private_company";"";"['Compte fidélité débité']";"";"['https://www.lefigaro.fr/secteur/high-tech/mcdonald-s-france-victime-d-une-fuite-de-donnees-des-comptes-fidelite-debites-20260521']"
"2026-05-21";"confirmed";"Néméa";"";"private_company";"";"['Nom, prénom', 'Adresse email', 'Adresse postale', 'Numéro de téléphone', 'Bulletin de salaire', 'Avis d’imposition', 'Justificatifs professionnels', 'IBAN', 'Documents administratifs']";"True";"['https://news.nemea-residence-etudiante.com/optiext/optiextension.dll?ID=qFMyDowG0UYlcd7-SCGy6ehVeJRJwNp6dQ9SN5AqVSQwWrFEOXpDp_nTubtsoHUmJK40aDMW3kfzNOpoPOzDNZa0hwJD4oq_687ldSfI']"
"2026-05-22";"confirmed";"Atol";"";"private_company";"5,9 Millions de clients";"['Nom et Prénom', 'Date de naissance', 'Adresse e-mail', 'Numéro de téléphone', 'Adresse postale']";"";"['https://bonjourlafuite.eu.org/img/atol.png', 'https://www.cyberattaque.org/atol-mon-opticien-59-millions-de-clients-exposes-dans-une-fuite-massive-de-donnees/']"
"2026-05-22";"confirmed";"Camping Car Plus";"";"private_company";"";"['Nom, prénom', 'Numéro de téléphone', 'Adresse postale', 'Adresse email', 'Identifiant de connexion', 'Mot de passe (😒)']";"";"['https://bonjourlafuite.eu.org/img/campingcarplus.png']"
"2026-05-22";"confirmed";"Médiathèque Numérique du Conseil Départemental de la Haute-Garonne";"";"public_authority";"";"['Nom, prénom', 'Adresse email', 'Date de naissance', 'Ville de résidence', 'Historique de connexion', 'Identifiants']";"";"['https://bonjourlafuite.eu.org/img/mediatheque-departementale-haute-garonne.png']"
"2026-05-23";"confirmed";"Alan";"Almerys";"private_company";"";"['Nom, prénom', 'date de naissance', 'Rang de naissance', 'Numéro de sécurité sociale', 'Numéro de contrat', 'Nom de l’assureur', 'Numéro de contrat de l’assureur', 'Dates de début et de fin de couverture']";"True";"['https://alan.com/fr-fr/blog/tout-alan/a/incident-securite-almerys']"
"2026-05-23";"confirmed";"Krys";"";"private_company";"";"['Nom, prénom', 'Adresse postale', 'Adresse email', 'Numéro de téléphone', 'Données de carte mutuelle', 'Devis et factures']";"True";"['https://bonjourlafuite.eu.org/img/krys.png']"
"2026-05-24";"confirmed";"AG2R";"Almerys";"private_company";"";"['Nom, prénom', 'Date de naissance', 'Rang de naissance', 'Numéro de sécurité sociale', 'Numéro de contrat', 'Nom de l’assureur']";"True";"['https://bonjourlafuite.eu.org/img/ag2r-2.png']"
"2026-05-24";"confirmed";"Aesio";"Almerys";"private_company";"";"['Nom, prénom', 'Date de naissance', 'Rang de naissance', 'Numéro de sécurité sociale', 'Numéro de contrat', 'Nom de l’assureur']";"True";"['https://bonjourlafuite.eu.org/img/aesio.png']"
"2026-05-24";"confirmed";"Ampli Mutuelle";"Almerys";"private_company";"";"['Nom, prénom', 'Date de naissance', 'Rang de naissance', 'Numéro de sécurité sociale', 'Numéro de contrat', 'Nom de l’assureur']";"True";"['https://bonjourlafuite.eu.org/img/ampli-mutuelle.png']"
"2026-05-24";"confirmed";"LMDE";"Almerys";"private_company";"";"['Nom, prénom', 'Date de naissance', 'Rang de naissance', 'Numéro de sécurité sociale', 'Numéro de contrat', 'Nom de l’assureur']";"True";"['https://bonjourlafuite.eu.org/img/lmde.png']"
"2026-05-24";"confirmed";"MBA mutuelle";"Almerys";"private_company";"";"['Nom, prénom', 'Date de naissance', 'Rang de naissance', 'Numéro de sécurité sociale', 'Numéro de contrat', 'Nom de l’assureur']";"True";"['https://bonjourlafuite.eu.org/img/mba.png']"
"2026-05-24";"confirmed";"Sanergi IEG";"Almerys";"private_company";"";"['Nom, prénom', 'Date de naissance', 'Rang de naissance', 'Numéro de sécurité sociale', 'Numéro de contrat', 'Nom de l’assureur']";"True";"['https://bonjourlafuite.eu.org/img/sanergi-ieg.png']"
"2026-05-24";"confirmed";"Via Santé";"Almerys";"private_company";"";"['Nom, prénom', 'Date de naissance', 'Rang de naissance', 'Numéro de sécurité sociale', 'Numéro de contrat', 'Nom de l’assureur']";"True";"['https://bonjourlafuite.eu.org/img/viasante.png']"
"2026-05-24";"confirmed";"Vivinter";"Almerys";"private_company";"";"['Nom, prénom', 'Date de naissance', 'Rang de naissance', 'Numéro de sécurité sociale', 'Numéro de contrat', 'Nom de l’assureur']";"True";"['https://bonjourlafuite.eu.org/img/vivinter.png', 'https://www.vivinter.fr/blog/sante-et-prevention/incident-de-securite-provenant-de-notre-prestataire-de-tiers-payant-almerys/']"
"2026-05-26";"confirmed";"Made in Design";"";"private_company";"";"['Nom et Prénom', 'Nom de la société', 'Adresses de livraison / facturation', 'Numéro de téléphone', 'Date de commande', 'Numéro de facture', 'Informations relatives à la commande (produits achetés, montant total)', 'Type de paiement utilisé']";"";"['https://bonjourlafuite.eu.org/img/made-in-design.png']"
"2026-05-27";"confirmed";"ByMyCar";"";"private_company";"";"['Nom et prénom', 'Adresse électronique', 'Adresse postale', 'Numéro de téléphone']";"";"['https://www.bymycar.fr/communication-juin-2026']"
"2026-05-28";"confirmed";"La Pizza de Nico";"";"private_company";"";"['Nom, prénom', 'Adresse email', 'Numéro de téléphone', 'Identifiant de compte', 'Nombre de commandes', 'Panier moyen', 'Montant total dépensé', 'Date de dernière commande']";"";"['https://bonjourlafuite.eu.org/img/pizza-nico.png']"
"2026-05-29";"confirmed";"CAMIEG";"Almerys";"public_authority";"";"['Nom, prénom', 'Date de naissance', 'Rang de naissance', 'Numéro de sécurité sociale', 'Mutuelle', 'Numéro de contrat', 'Dates de couverture']";"True";"['https://bonjourlafuite.eu.org/img/camieg.png']"
"2026-05-29";"confirmed";"IRP Auto";"Almerys";"private_company";"";"['Nom, prénom', 'Date de naissance', 'Rang de naissance', 'Numéro de sécurité sociale', 'Mutuelle', 'Numéro de contrat', 'Dates de couverture']";"True";"['https://bonjourlafuite.eu.org/img/irp-auto.png']"
"2026-06-01";"confirmed";"Carvivo";"";"private_company";"";"['Nom, prénom', 'Adresse email', 'Numéro de téléphone', 'Date de dernière mise à jour']";"";"['https://bonjourlafuite.eu.org/img/carvivo.png']"
"2026-06-01";"confirmed";"Poulpiquet immobilier";"";"private_company";"";"['Nom, prénom', 'Adresse e-mail', 'Numéro de téléphone', 'Notes commerciales', 'Nom du conseiller']";"";"['https://bonjourlafuite.eu.org/img/poulpiquet-immo.png']"
"2026-06-01";"confirmed";"Rolland & Girot immobilier";"";"private_company";"";"['Nom, prénom', 'Adresse e-mail', 'Numéro de téléphone', 'Notes commerciales', 'Nom du conseiller']";"";"['https://bonjourlafuite.eu.org/img/rolland-girot-immo.png']"
"2026-06-03";"confirmed";"Apivia";"Almerys";"private_company";"";"['Nom, prénom', 'Date de naissance', 'Rang de naissance', 'Numéro de sécurité sociale', 'Numéro de contrat', 'Nom de l’assureur']";"True";"['https://bonjourlafuite.eu.org/img/apivia.png']"
"2026-06-03";"confirmed";"Generali";"Almerys";"private_company";"";"['Nom, prénom', 'Date de naissance', 'Rang de naissance', 'Numéro de sécurité sociale', 'Numéro de contrat', 'Nom de l’assureur']";"True";"['https://bonjourlafuite.eu.org/img/generali.png']"
"2026-06-03";"confirmed";"Intériale";"Almerys";"private_company";"";"['Nom, prénom', 'Date de naissance', 'Rang de naissance', 'Numéro de sécurité sociale', 'Numéro de contrat', 'Nom de l’assureur']";"True";"['https://bonjourlafuite.eu.org/img/interiale.png']"
"2026-06-03";"confirmed";"Jimmy Fairly";"";"private_company";"";"['Nom, prénom', 'Adresse postale', 'Adresse email', 'Date de naissance', 'Ville et code postal']";"";"['https://bonjourlafuite.eu.org/img/jimmy-fairly.png']"
"2026-06-03";"confirmed";"Ma Gestion Locative";"";"private_company";"";"['Nom, prénom', 'Adresse postale', 'Adresse email', 'Numéro de téléphone', 'Quittances', 'Avis d’échéance', 'Décomptes', 'États des lieux', 'Attestations', 'Factures', 'Coordonnées bancaires']";"True";"['https://bonjourlafuite.eu.org/img/ma-gestion-locative.png']"
"2026-06-03";"confirmed";"Macif";"Almerys";"private_company";"";"['Nom, prénom', 'Date de naissance', 'Rang de naissance', 'Numéro de sécurité sociale', 'Numéro de contrat', 'Nom de l’assureur']";"True";"['https://bonjourlafuite.eu.org/img/macif.png']"
"2026-06-03";"confirmed";"Mutuelle LMP";"Almerys";"private_company";"";"['Nom, prénom', 'Date de naissance', 'Rang de naissance', 'Numéro de sécurité sociale', 'Numéro de contrat', 'Nom de l’assureur']";"True";"['https://bonjourlafuite.eu.org/img/lmp.png']"
"2026-06-03";"confirmed";"Sofinco";"";"private_company";"";"['Numéro client', 'Adresse email', 'Numéro de téléphone']";"";"['https://bonjourlafuite.eu.org/img/sofinco.jpeg']"
"2026-06-04";"confirmed";"Goodvest";"";"private_company";"";"['Nom, prénom', 'Adresse email', 'Numéro de téléphone', 'Nombre de personnes composant le foyer', 'Éléments relatifs à votre situation financière', 'Solde total des encours financiers', 'Montant des versements en atteinte', 'Revenus déclarés', 'Patrimoine financier et immobilier déclaré']";"True";"['https://bonjourlafuite.eu.org/img/goodvest.png']"
"2026-06-07";"confirmed";"Solly Azar";"Almerys";"private_company";"";"['Nom, prénom', 'Date de naissance', 'Rang de naissance', 'Numéro de sécurité sociale', 'Mutuelle', 'Numéro de contrat', 'Dates de couverture']";"True";"['https://bonjourlafuite.eu.org/img/solly-azar.png']"
"2026-06-08";"confirmed";"Au vieux campeur";"";"private_company";"";"";"";"['https://bonjourlafuite.eu.org/img/vieux-campeur.png']"
"2026-06-09";"confirmed";"Fossier";"";"private_company";"";"['Nom, prénom', 'Adresse postale', 'Adresse email', 'Numéro de téléphone', 'Historique de commandes']";"";"['https://bonjourlafuite.eu.org/img/fossier.png']"
"2026-06-11";"confirmed";"Beam MP";"";"private_company";"";"['Nom d’utilisateur', 'Adresse email', 'Adresse IP', 'Mot de passe hashé']";"";"['https://bonjourlafuite.eu.org/img/beam-mp.png']"
"2026-06-11";"confirmed";"Mutuelle Entrain";"Almerys";"private_company";"";"['Nom, prénom', 'Date de naissance', 'Rang de naissance', 'Numéro de sécurité sociale', 'Mutuelle', 'Numéro de contrat', 'Dates de couverture']";"True";"['https://bonjourlafuite.eu.org/img/mutuelle-entrain.png']"
"2026-06-12";"confirmed";"Nantes Métropole (Naonantes)";"";"public_authority";"";"['Nom', 'Adresse email', 'Numéro de téléphone', 'Fonction', 'Service', 'Lieu de travail', 'Manager']";"";"['https://bonjourlafuite.eu.org/img/naonantes.png']"
"2026-06-13";"confirmed";"Conseil de l’Europe";"";"private_company";"";"['Bulletin de salaire', 'CV']";"";"['https://pace.coe.int/fr/verbatim/2026-06-23/am/en#speech-38379']"
"2026-06-15";"confirmed";"MesVaccins.net";"";"association";"";"['Nom, prénom', 'Adresse email', 'Numéro de téléphone', 'Numéro de sécurité sociale', 'Données vaccinales']";"True";"['https://bonjourlafuite.eu.org/img/mesvaccins.net.png']"
"2026-06-15";"confirmed";"Service de Santé au Travail en Région Nantaise";"";"public_authority";"";"['Adresse email', 'Numéro de téléphone', 'Nom, prénom', 'Date de visite', 'Type de visite (embauche, périodique)']";"True";"['https://www.sstrn.fr/actualites/incident-securite-concernant-donnees-nos-adherents']"
"2026-06-16";"confirmed";"Auchan Optique";"";"private_company";"";"['Civilité, nom, prénom', 'Date de naissance', 'Adresse e-mail', 'Adresse postale', 'Numéro de téléphone']";"";"['https://bonjourlafuite.eu.org/img/auchan-optique.png']"
"2026-06-16";"confirmed";"Delamarche Immobilier";"";"private_company";"";"['Nom, prénom', 'Adresse e-mail', 'Numéro de téléphone', 'Notes commerciales', 'Nom du conseiller']";"";"['https://bonjourlafuite.eu.org/img/delamarche-immobilier.png']"
"2026-06-16";"confirmed";"Réserve Civique";"";"public_authority";"";"['Nom, prénom', 'Adresse e-mail', 'Numéro de téléphone', 'Date de naissance', 'Adresse postale', 'Informations liées au profil bénévole']";"";"['https://bonjourlafuite.eu.org/img/jeveuxaider.png']"
"2026-06-17";"confirmed";"Achat or et argent";"";"private_company";"";"['Nom, prénom', 'Coordonnées e-mail', 'Téléphone', 'Historique de commandes']";"";"['https://bonjourlafuite.eu.org/img/achat-or-argent.png']"
"2026-06-18";"confirmed";"Axeo Services";"";"private_company";"";"['Nom, prénom', 'Adresse email', 'Adresse postale', 'Numéro de téléphone', 'Date de naissance']";"";"['axeo.png']"
"2026-06-18";"confirmed";"Folliot";"Immofacile";"private_company";"";"['Nom, prénom', 'Adresse email', 'Numéro de téléphone', 'Notes commerciales', 'Nom du conseiller']";"";"['folliot.png']"
"2026-06-18";"confirmed";"Fortigate";"";"private_company";"73 932 pare-feux";"";"";"['https://www.lemondeinformatique.fr/actualites/lire-fortibleed-les-identifiants-de-75-000-pare-feux-fortinet-exposes-100492.html']"
"2026-06-19";"confirmed";"Académie de Lyon";"Affelnet";"public_authority";"";"";"";"['https://bonjourlafuite.eu.org/img/affelnet.png']"
"2026-06-19";"confirmed";"Agir pour l'environnement";"";"association";"";"['Nom, prénom', 'Adresse email']";"False";"['https://bonjourlafuite.eu.org/img/agir-pour-l-environnement.png']"
"2026-06-22";"confirmed";"Fédération Sportive de la Police Nationale";"";"federation";"224 000 membres";"";"";"['https://www.lemondeinformatique.fr/actualites/lire-la-federation-sportive-de-la-police-nationale-enquete-sur-une-fuite-de-donnees-100522.html']"
"2026-06-26";"confirmed";"INSEE";"";"public_authority";"13 000 agents";"";"";"['https://www.insee.fr/fr/information/9016741']"
"2026-06-26";"confirmed";"Ministère des Sports, de la Jeunesse et de la Vie associative";"";"public_authority";"";"['Numéro de téléphone', 'Adresse de messagerie', 'IBAN']";"True";"['https://bonjourlafuite.eu.org/img/msjva.png']"
"2026-06-29";"confirmed";"CapiFrance";"";"private_company";"";"['Nom, prénom', 'Adresse email', 'Adresse postale', 'Numéro de téléphone']";"";"['https://bonjourlafuite.eu.org/img/capifrance.jpg']"
"2026-06-30";"confirmed";"Direction générale des Finances publiques";"";"public_authority";"";"['État civil', 'Numéro SPI', 'Adresse postale', 'Adresse email', 'Numéro de téléphone', 'Situation familiale', 'Nombre de parts fiscales', 'Nombre de personnes à charge', 'Revenu fiscal de référence', 'Taux de prélèvement à la source', 'Tickets', 'SIREN']";"";"['https://presse.economie.gouv.fr/acces-illegitime-au-systeme-dinformation-de-la-direction-generale-des-finances-publiques/']"
"2026-07-01";"confirmed";"Armurerie Lavaux";"";"private_company";"";"['Nom, prénom', 'Adresse postale', 'Numéro de téléphone', 'Numéro et identifiant de commande', 'Montant total de la commande', 'Référence et prix des articles commandés']";"";"['https://bonjourlafuite.eu.org/img/armurerie-lavaux.png', 'https://bonjourlafuite.eu.org/img/2026-08-28_armurerie_Lavaux.jpg']"
"2026-07-02";"confirmed";"Red by SFR";"";"private_company";"";"['Nom, prénom', 'Adresse postale', 'Numéro de téléphone', 'Identifiant de contrat', 'Données techniques de ligne']";"";"['https://bonjourlafuite.eu.org/img/red.png']"
"2026-07-02";"confirmed";"SFR";"";"private_company";"";"['Nom, prénom', 'Adresse', 'Numéro de téléphone', 'Identifiant de contrat', 'Données techniques de la ligne']";"";"['https://bonjourlafuite.eu.org/img/sfr.jpeg']"
"2026-07-02";"confirmed";"Spiko";"Onfido";"private_company";"";"['Carte d’identité', 'Selfie']";"";"['https://bonjourlafuite.eu.org/img/spiko.png']"
"2026-07-03";"confirmed";"Trenitalia";"";"private_company";"";"['Nom, prénom', 'Date de naissance', 'Adresse email', 'Numéro de téléphone', 'Itinéraire', 'Date du voyage', 'Numéro de titre de tranpsort', 'Type d’offre et de service']";"";"['https://bonjourlafuite.eu.org/img/trenitalia.png']"
"2026-07-06";"confirmed";"Espaces Atypiques";"Immofacile";"private_company";"";"['Nom, prénom', 'Adresse email', 'Numéro de téléphone', 'Notes commerciales', 'Nom du conseiller']";"";"['espaces-atypiques.png']"
"2026-07-06";"confirmed";"Framework";"Metabase";"private_company";"";"['Nom, prénom', 'Adresse email', 'Adresse IP', 'Données de facturation et de livraison', 'Numéro de TVA']";"";"['https://bonjourlafuite.eu.org/img/framework.png']"
"2026-07-07";"confirmed";"ENS Paris-Saclay";"AlumnForce";"public_authority";"";"['Pièces jointes de dossiers']";"";"['https://bonjourlafuite.eu.org/img/paris-saclay.png']"
"2026-07-09";"confirmed";"Atout France";"";"private_company";"";"['Nom, prénom', 'Fonction', 'Adresse email', 'Numéro de téléphone', 'Adresse postale', 'Identifiant de connexion et utilisateur', 'Numéro d’adhérent', 'SIRET', 'Site internet']";"";"['https://bonjourlafuite.eu.org/img/atout-france.png']"
"2026-07-09";"confirmed";"Delicity";"Metabase";"private_company";"";"['Nom, prénom', 'Adresse email', 'Numéro de téléphone', 'Mot de passe chiffrée', 'Adresse de livraison', 'Historique des commandes', 'Quatre derniers chiffres de carte bancaire', 'Contenu des SMS']";"";"['https://bonjourlafuite.eu.org/img/delicity.png']"
"2026-07-10";"confirmed";"Skolae";"";"private_company";"";"['Nom, prénom', 'Adresse email', 'Numéro de téléphone', 'Adresse postale', 'Raison sociale', 'Fonction', 'Coordonnées professionnelles']";"";"['https://bonjourlafuite.eu.org/img/skolae.jpg']"
"2026-07-11";"confirmed";"Fédération Française d’Équitation";"";"federation";"";"['Numéro de licence', 'Nom et prénom', 'Adresse postale', 'Numéro de téléphone', 'Genre', 'Date de naissance', 'Adresse électronique']";"";"['https://bonjourlafuite.eu.org/img/ffequitation.png']"
"2026-07-13";"confirmed";"Magasins U";"";"private_company";"";"['Nom, prénom', 'Profession', 'Adresse email', 'Adresse postale', 'Numéro de téléphone', 'Numéro de carte fidélité']";"";"['https://bonjourlafuite.eu.org/img/u.png']"
"2026-07-13";"confirmed";"VetoAvenue";"";"private_company";"";"['Nom et prénom', 'Adresse postale', 'Numéro de téléphone', 'Adresse email', 'Produits commandés']";"False";"['https://bonjourlafuite.eu.org/img/vetoavenue.png']"
"2026-07-13";"confirmed";"Véto Avenue";"";"private_company";"";"['Nom, prénom', 'Adresse mail', 'Numéro de téléphone', 'Adresse', 'Produits commandés']";"";"['https://bonjourlafuite.eu.org/img/veto-avenue.png']"
"2026-07-16";"confirmed";"Croq’ Vacances";"";"private_company";"";"";"";"['https://bonjourlafuite.eu.org/img/croq-vacances.png']"
"2026-07-17";"confirmed";"Madécostore";"";"private_company";"";"['Adresse emails', 'Autres données clients ?']";"";"['https://bonjourlafuite.eu.org/img/2026-07-17_Madecostore.png']"
"2026-07-22";"confirmed";"France Casse";"";"private_company";"";"['Nom et prénom', 'Raison sociale', 'Adresse postale', 'Email', 'Numéro de téléphone', 'Mot de passe chiffré (🤷)']";"";"['https://bonjourlafuite.eu.org/img/france-casse.png']"
"2026-07-28";"confirmed";"Syadem";"";"private_company";"";"['Nom, prénom', 'Date de naissance', 'Genre', 'Code postal', 'Collège fréquenté', 'Données vaccinnales', 'Numéro de téléphone', 'Adresse email', 'Signature', 'Numéro de sécurité sociale']";"True";"['https://bonjourlafuite.eu.org/img/syadem.png']"
"2026-07-29";"confirmed";"Mistertemp' group (MisterTemp', Aquila RH, Lynx RH, Vitalis Médical)";"";"private_company";"";"['Nom, prénom', 'Adresse emails', 'Numéro de téléphone', 'Nationalité']";"";"['https://bonjourlafuite.eu.org/img/2026-07-29_Mistertemp.png']"
"2026-07-29";"confirmed";"Vitalis Médical";"";"private_company";"";"['Nom, prénom', 'Adresse email', 'Numéro de téléphone', 'Nationalité']";"";"['https://bonjourlafuite.eu.org/img/vitalis-medical.png']"
"2026-07-30";"confirmed";"LaSanté.net";"";"private_company";"";"['Nom, prénom', 'Adresse postale', 'Adresse email', 'Identifiant', 'Préférences']";"";"['https://bonjourlafuite.eu.org/img/lasante-net.png']"
"2026-07-31";"confirmed";"Chambre de Commerce et de l’Industrie Nice Côte d’Azur";"EDRH";"public_authority";"";"['Nom, prénom', 'Adresse électronique', 'Numéro de téléphone', 'Date de naissance', 'Expérience', 'Niveau d’étude', 'Profil']";"";"['https://bonjourlafuite.eu.org/img/cci-nice.png']"
"2026-07-31";"confirmed";"Éducation Nationale";"";"public_authority";"";"['Nom, prénom', 'Statut, fonction', 'Adresse postale', 'Numéro de téléphone', 'Numéro de sécurité sociale']";"True";"['https://www.education.gouv.fr/incident-de-securite-affectant-les-donnees-de-personnels-de-l-education-nationale-505407']"
"2026-08-01";"confirmed";"Resamania";"";"private_company";"";"['Nom, prénom', 'Adresse email', 'Numéro de téléphone', 'Adresse postale', 'Club']";"";"['https://bonjourlafuite.eu.org/img/resamania.png']"
"2026-08-07";"confirmed";"Bloctel";"";"public_authority";"3 millions de personnes";"['Numéro de téléphone']";"";"['https://bonjourlafuite.eu.org/img/bloctel.png', 'https://www.universfreebox.com/article/596529/piratage-de-bloctel-juste-avant-son-arret-jusqua-3-millions-de-numeros-de-telephone-auraient-fuite']"
"2026-08-08";"confirmed";"Prelys Courtage";"";"private_company";"";"['Nom, prénom', 'Date de naissance', 'Adresse postale', 'Adresse électronique', 'Numéro de téléphone', 'Pièce d’identité', 'Justificatif de domicile', 'Relevés de comptes', 'Documents liés à une demande de financement']";"";"['https://bonjourlafuite.eu.org/img/prelys-courtage.png', 'https://www.prelys-courtage.com/faq-incident-de-cybersecurite/']"
"2026-08-09";"confirmed";"GreenGo";"Metabase";"private_company";"";"['Nom et prénom']";"";"['https://bonjourlafuite.eu.org/img/greengo.png']"
"2026-08-10";"confirmed";"Intermarché";"";"private_company";"";"['Nom, prénom', 'Date de naissance', 'Numéro de carte de fidélité', 'Adresse de facturation', 'Numéro de téléphone', 'Numéro et montant de la commande']";"";"['https://bonjourlafuite.eu.org/img/intermarche.png']"
"2026-08-10";"confirmed";"Scalingo";"";"private_company";"";"['Nom, prénom', 'Login', 'Adresse email', 'Société', 'Adresse postale', 'Identifiant interne', 'Date de création', 'Date de dernière connexion', 'Statut du compte', 'Rôle', 'MFA', 'Identifiant GitHub', 'URL de profil', 'Avatar', 'Métadonnées techniques']";"";"['https://bonjourlafuite.eu.org/img/scalingo.png']"
"2026-08-10";"confirmed";"Steam";"CEVA Logistics";"private_company";"";"['Nom, prénom', 'Adresse postale', 'Numéro de téléphone', 'Adresse email', 'Type et prix du produit commandé']";"";"['https://bonjourlafuite.eu.org/img/steam.png']"
"2026-08-11";"confirmed";"Gedimat";"";"private_company";"";"['Nom, prénom', 'Adresse email', 'Numéro de téléphone']";"";"['https://bonjourlafuite.eu.org/img/gedimat.png']"
"2026-08-12";"confirmed";"Actis Location";"";"private_company";"";"['Nom, prénom', 'Adresse email', 'Numéro de téléphone', 'Factures', 'Devis', 'IBAN']";"True";"['https://bonjourlafuite.eu.org/img/actis-location.png']"
"2026-08-12";"confirmed";"Clenet";"";"private_company";"";"['Nom, prénom', 'Adresse email', 'Numéro de téléphone', 'Pièces-jointes', 'Emails échangés']";"";"['https://bonjourlafuite.eu.org/img/clenet.png']"
"2026-08-13";"confirmed";"France VAE";"";"public_authority";"";"['Nom, prénoms', 'Genre', 'Adresse e-mail', 'Adresse postale', 'Département de résidence', 'Numéro de téléphone', 'Pays, ville et date de naissance', 'Nationalité', 'Certifications professionnelles', 'Qualifications et expériences', 'Résultats d’évaluation', 'Financement du parcours de VAE']";"";"['https://bonjourlafuite.eu.org/img/france-vae.png']"
"2026-08-13";"confirmed";"Santé publique France";"";"public_authority";"80 000 personnes";"['Adresse email', 'Adresse postale', 'Numéro de téléphone']";"";"['https://www.franceinfo.fr/internet/securite-sur-internet/cyberattaques/un-prestataire-de-sante-publique-france-victime-d-une-cyberattaque-pres-de-80-000-donnees-de-contact-concernees_8146196.html']"
"2026-08-14";"confirmed";"KparK";"";"private_company";"";"['Numéro de téléphone', 'Liste d’opposition Bloctel']";"";"['https://bonjourlafuite.eu.org/img/kpark.png']"
"2026-08-16";"confirmed";"SamBoat";"";"private_company";"";"['Nom, prénom', 'Date de naissance', 'Adresse email', 'Numéro de téléphone']";"";"['https://bonjourlafuite.eu.org/img/samboat.png']"
"2026-08-18";"confirmed";"Direction générale des Finances publiques";"";"public_authority";"";"";"";"['https://www.latribune.fr/article/tech/intelligence-artificielle/22783127765661/apres-deux-intrusions-le-fisc-reconnait-une-troisieme-fuite-de-donnees']"
"2026-08-18";"confirmed";"Mutuelle Générale de Prévoyance";"";"private_company";"";"['Données d’identification et de contact', 'IBAN']";"True";"['https://www.franceinfo.fr/internet/securite-sur-internet/cyberattaques/des-donnees-personnelles-et-des-iban-d-adherents-de-la-mutuelle-generale-de-prevoyance-extraits-lors-d-une-cyberattaque-une-enquete-ouverte_8152268.html']"
"2026-08-18";"claimed";"Éducation Nationale";"";"public_authority";"4.35 millions d’enseignants, 1.22 millions d’étudiants";"";"";"['https://www.lesnumeriques.com/societe-numerique/l-education-nationale-se-fait-pirater-par-le-hackeur-des-impots-43-go-de-donnees-dans-la-nature-personnels-eleves-n260530.html']"
"2026-08-19";"confirmed";"Institut de recherche pour le développement";"";"public_authority";"7 500 agents";"['Nom, prénom', 'Genre', 'Date et lieu de naissance', 'Nationalité', 'Adresse postale', 'Numéro de téléphone', 'Matricule', 'Rattachement administratif', 'Affectation géographique', 'Statut, corps, grade, niveau, échelon', 'Emploi, discipline', 'Adresse email', 'Numéro de sécurité sociale']";"True";"['https://bonjourlafuite.eu.org/img/ird.png']"
"2026-08-20";"confirmed";"Alaxione";"";"private_company";"6.8 millions de patients";"['Alaxione ment dans sa communication en soutenant qu’il s’agit exclusivement de données de test. Les propres données de l’administrateur de ce site sont dedans, avec un échange par email concernant une erreur de facturation que personne d’autre ne peut connaître.']";"True";"['https://actu.orange.fr/france/cyberattaque-un-site-medical-cible-6-8-millions-de-personnes-concernees-magic-CNT000002rqCsI.html']"
"2026-08-20";"confirmed";"Sport 2000";"";"private_company";"";"['Nom, prénom', 'Adresse postale', 'Adresse email', 'Numéro de téléphone', 'Âge', 'Date de séjour', 'Magasin', 'Matériel réservé', 'Réservation', 'Assurance', 'Avantage fidélité', 'Pointure, taille, poids, niveau de pratique', 'Montants', 'Remises', 'Réglement']";"";"['https://bonjourlafuite.eu.org/img/sport2000.png']"
"2026-08-20";"confirmed";"Suez";"";"private_company";"";"['Nom, prénom', 'Numéro de téléphone', 'Adresse email', 'Documents administratifs', 'Carte d’identité', 'IBAN', 'Situation personnelle']";"True";"['https://bonjourlafuite.eu.org/img/suez.png']"
"2026-08-20";"confirmed";"Telecoop";"Metabase";"private_company";"";"['Nom, prénom', 'Adresse email', 'Adresse postale', 'Numéro de téléphone', 'Numéro de client', 'Détail d’appel']";"";"['https://bonjourlafuite.eu.org/img/telecoop.png']"
"2026-08-23";"confirmed";"Solimut";"";"private_company";"";"['Nom, prénom', 'Adresse postale', 'Adresse email', 'Information sur les adhérents et les bénéficiaires', 'IBAN', 'DSN', 'Contrats et prestations', 'Prospects', 'Données techniques', 'Historique d’affiliation', 'Opérations de gestions']";"True";"['https://bonjourlafuite.eu.org/img/solimut.jpg']"
"2026-08-24";"confirmed";"Ultra Premium Direct";"";"private_company";"";"['Nom, prénom', 'Adresse email', 'Numéro de téléphone', 'Contenu des échanges avec le support']";"";"['https://bonjourlafuite.eu.org/img/ultra-premium-direct.png']"
"2026-08-26";"confirmed";"Easypara";"";"private_company";"";"['Nom, prénom', 'Adresse email', 'Numéro de téléphone']";"";"['https://bonjourlafuite.eu.org/img/easypara.png']"
"2026-08-28";"confirmed";"Frères Toque";"";"private_company";"";"['Nom, prénom', 'Adresse email', 'Historique des commandes', 'Numéro de téléphone', 'Adresse']";"";"['https://bonjourlafuite.eu.org/img/freres-toque.png']"
"2026-08-29";"confirmed";"LCommerce";"";"private_company";"";"['Nom, prénom', 'Adresse email', 'Numéro de téléphone']";"";"['https://bonjourlafuite.eu.org/img/lcommerce.png']"
"2026-09-01";"confirmed";"Agiris";"";"private_company";"";"['Nom, prénom', 'Adresse postale', 'Numéro de téléphone', 'Adresse email', 'Mot de passe (chiffré (🤷) par un hash fort)', 'Raison sociale', 'SIRET']";"";"['https://bonjourlafuite.eu.org/img/agiris.png']"
"2026-09-01";"confirmed";"Carrefour";"";"private_company";"";"['Nom, prénom', 'Adresse email', 'Numéro de téléphone']";"";"['https://bonjourlafuite.eu.org/img/carrefour.png']"
"2026-09-02";"confirmed";"La boutique du volet";"";"private_company";"";"['Nom, prénom', 'Adresse de livraison et de facturation', 'Adresse email', 'Numéro de téléphone', 'Historique des commandes']";"";"['https://bonjourlafuite.eu.org/img/laboutiqueduvolet.png']"
"2026-09-02";"confirmed";"Snexi";"";"private_company";"";"['Nom, prénom', 'Adresse email', 'Adresse postale', 'Numéro de téléphone']";"";"['https://bonjourlafuite.eu.org/img/snexi.png']"
"2026-09-03";"confirmed";"LiveTrail";"";"private_company";"";"['Adresse email', 'Mot de passe haché']";"";"['https://bonjourlafuite.eu.org/img/livetrail.jpg']"
"2026-09-04";"confirmed";"Tisseo";"";"private_company";"1.22Go, 13 446 enregistrements, 2 877 personnes";"";"";"['https://www.ladepeche.fr/2026/09/04/cyberattaque-dampleur-a-toulouse-des-donnees-sensibles-de-tisseo-concernant-pres-de-3-000-personnes-ont-fuite-une-plainte-deposee-13535414.php']"
"2026-09-08";"confirmed";"Association des Maires de France";"";"private_company";"";"['Nom, prénom', 'Genre', 'Fonction', 'Adresse email']";"";"['https://bonjourlafuite.eu.org/img/amf.png']"
"2026-09-08";"confirmed";"Répar'stores";"";"private_company";"";"['Nom, prénom', 'Numéro de téléphone', 'Adresse postale', 'Historique des devis', 'Factures', 'Commentaires']";"";"['https://bonjourlafuite.eu.org/img/reparstores.png']"
"2026-09-10";"confirmed";"Fédération Française de Handball";"";"private_company";"";"['Nom, prénom', 'Date de naissance', 'Adresse email', 'Numéro de licence']";"";"['https://bonjourlafuite.eu.org/img/ffbh.png']"
"2026-09-11";"confirmed";"Pass Pass";"";"private_company";"";"['Nom, prénom', 'Adresse postale', 'Date de naissance', 'Achats des titres']";"";"['https://bonjourlafuite.eu.org/img/passpass.png']"
"2026-09-11";"confirmed";"ecofone";"";"private_company";"";"['Nom, prénom', 'Adresse de livraison et de facturation', 'Adresse email', 'Numéro de téléphone', 'Informations relatives à la commande', 'Mot de passe hashé']";"";"['https://bonjourlafuite.eu.org/img/ecofone.png']"
"2026-09-12";"confirmed";"Revolut";"";"private_company";"";"['Nom, prénom', 'Date de naissance', 'Profession', 'Adresse postale', 'Adresse email', 'Numéro de téléphone', 'Pièce d’identité', 'Selfie', 'Relevés de compte', 'IBAN', 'État du compte', 'Date d’ouverture', 'Référence du porte-feuille', 'Relevé de retrait', 'Historique des transactions']";"True";"['https://bonjourlafuite.eu.org/img/revolut.png', 'https://ewatchers.org/info/2026-09-12-revolut-les-donnees-de-certains-clients-compromises-suite-a-de-fausses-demandes-d-informations-gouvernementales-247']"
"2026-09-13";"confirmed";"Digit Re Group";"";"private_company";"";"['Nom, prénom', 'Adresse email', 'Numéro de téléphone']";"";"['https://bonjourlafuite.eu.org/img/digit-re-group.png']"
"2026-09-13";"confirmed";"NaturaBuy";"";"private_company";"";"['Nom, prénom', 'Adresse postale', 'Adresse email', 'Numéro de téléphone', 'Identifiant', 'Mot de passe «\xa0crypté\xa0» (🤷)']";"";"['https://bonjourlafuite.eu.org/img/naturabuy.png']"
"2026-09-14";"confirmed";"Bouteilles et bocaux";"";"private_company";"";"['Nom, prénom', 'Adresse postale', 'Adresse email']";"";"['https://bonjourlafuite.eu.org/img/bouteilles-bocaux.png']"
"2026-09-14";"confirmed";"Nature et découvertes";"";"private_company";"";"['Nom, prénom', 'Adresse postale', 'Adresse email', 'Numéro de téléphone', 'Articles commandés']";"";"['https://bonjourlafuite.eu.org/img/nature-decouvertes.png']"
"2026-09-15";"confirmed";"Point Vision";"";"private_company";"";"['Nom, prénom', 'Date de naissance', 'Adresse postale', 'Adresse email', 'Numéro de téléphone', 'Numéro de sécurité sociale', 'Organisation et consignes de rendez-vous']";"True";"['https://bonjourlafuite.eu.org/img/point-vision.png']"
"2026-09-16";"confirmed";"Place des salariés";"";"private_company";"";"['Nom, prénom', 'Date de naissance', 'Adresse email', 'Adresse postale', 'Numéro de téléphone', 'État civil des proches', 'IBAN', 'Justificatif de domicile', 'Pièce d’identité', 'Factures', 'Livret de famille', 'Acte de naissance', 'PACS', 'Certificat de scolarité', 'Carte étudiante', 'Mot de passe', '(Mais ouf, pas de carte bleu, on est sauvé)']";"True";"['https://bonjourlafuite.eu.org/img/place-salaries.png', 'https://www.placedessalaries.com/content/72-incident-securite']"
"2026-09-18";"confirmed";"Total Énergies";"";"private_company";"";"['Données d’identification', 'Données relatives au compte Club', 'Historique des transactions']";"";"['https://bonjourlafuite.eu.org/img/total-energy.png']"
"2026-09-19";"confirmed";"Océania Hôtels";"";"private_company";"";"['Nom, prénom', 'Adresse email', 'Numéro de téléphone', 'Numéro de réservation', 'Identifiant de l’établissement', 'Dates de séjour', 'Tarif']";"";"['https://bonjourlafuite.eu.org/img/oceania.png']"
"2026-09-19";"confirmed";"VitalAire";"";"private_company";"";"['Nom, prénom', 'Genre', 'Date de naissance', 'Numéro de sécurité sociale', 'Commune et code postale', 'Données de contact']";"True";"['https://bonjourlafuite.eu.org/img/vitalaire.jpg']"
"2026-09-21";"confirmed";"Académie de Créteil";"";"private_company";"";"['Nom, prénom', 'Date de naissance', 'Identifiant national de l’élève', 'Adresse email', 'Numéro de téléphone', 'Notes', 'Appréciations']";"";"['https://bonjourlafuite.eu.org/img/creteil.png']"
"2026-09-22";"confirmed";"Paymium";"Brevo";"private_company";"";"['Nom, prénom', 'Adresse email', 'Date de naissance', 'Numéro de téléphone', 'Identifiant', 'Pays de résidence']";"";"['https://bonjourlafuite.eu.org/img/paymium.png']"
"2026-09-23";"confirmed";"Agence nationale pour la formation professionnelle (Afpa)";"";"public_authority";"";"[""Données d'identité"", 'Données de contact']";"";"[{'text': 'Source', 'href': 'https://ewatchers.org/info/2026-09-23-afpa-les-donnees-des-personnes-ayant-beneficie-d-un-hebergement-pendant-leur-formation-compromises-259'}]"
"2026-09-23";"confirmed";"Century 21";"";"private_company";"";"['Nom, prénom', 'Adresse postale', 'Adresse email', 'Numéro de téléphone', 'Agence destinataire']";"";"['https://bonjourlafuite.eu.org/img/century21.webp']"
"2026-09-24";"confirmed";"Agence de Services et de Paiement";"";"private_company";"";"['Nom, prénom', 'Adresse postale', 'Numéro de bénéficiaire', 'IBAN', 'Montant versé']";"True";"['https://bonjourlafuite.eu.org/img/2026-08-28_asp.png']"
"2026-09-24";"claimed";"Celinni";"Brevo";"private_company";"";"";"";"['https://bonjourlafuite.eu.org/img/celinni.jpg']"
"2026-09-24";"confirmed";"LegalStart";"Metabase";"private_company";"";"";"";"['https://bonjourlafuite.eu.org/img/legalstart.jpg']"
"2026-09-25";"confirmed";"Arntreal";"";"private_company";"";"['Adresse email', 'Numéro de téléphone', 'Activité dans l’application', 'Missions', 'Progression', 'Récompenses virtuelles']";"";"['https://bonjourlafuite.eu.org/img/arntreal.png']"
"2026-09-28";"confirmed";"Factuali (VosFactures.fr)";"";"private_company";"";"['données des comptes utilisateurs', 'mots de passe chiffrés', 'données des clients / fournisseurs des utilisateurs', 'comptes bancaires', 'données relatives aux paiements', 'factures avant 2023', 'données figurant sur les factures']";"";"[{'text': 'Source', 'href': 'https://ewatchers.org/info/2026-09-29-factuali-la-plateforme-agreee-de-facturation-electronique-vosfactures-fr-compromise-261'}, {'text': 'Source', 'href': 'https://ewatchers.org/info/2026-10-02-aife-la-plateforme-chorus-pro-suspend-la-reception-de-factures-en-provenance-de-la-plateforme-de-facturation-electronique-vosfactures-fr-262'}]"
"2026-09-28";"confirmed";"Plurélya";"";"private_company";"";"";"";"['https://bonjourlafuite.eu.org/img/plurelya.png']"
"2026-09-30";"confirmed";"ANSSI";"";"private_company";"";"['Données statistiques d’utilisation', 'Identifiant', 'Adresse mail', 'Mot de passe hachés', 'SIRET', 'Budgets', 'Effectifs', 'Contributions à des logiciels open-source', 'Historique de connexion']";"";"['https://www.bfmtv.com/tech/cybersecurite/l-anssi-et-la-dinum-victimes-a-leur-tour-d-une-fuite-de-donnees-les-deux-agences-dediees-a-la-cybersecurite-ont-ete-compromises_AV-202609300718.html']"
"2026-09-30";"confirmed";"Cookson-CLAL";"";"private_company";"";"['Numéro de carte bancaire', 'Date d’expiration', 'Cryptogramme visuel', 'Nom du porteur', 'Adresse email']";"True";"['https://bonjourlafuite.eu.org/img/cookson-clal.webp']"
"2026-09-30";"confirmed";"DINUM";"";"private_company";"";"['Données statistiques d’utilisation', 'Identifiant', 'Adresse mail', 'Mot de passe hachés', 'SIRET', 'Budgets', 'Effectifs', 'Contributions à des logiciels open-source', 'Historique de connexion']";"";"['https://www.bfmtv.com/tech/cybersecurite/l-anssi-et-la-dinum-victimes-a-leur-tour-d-une-fuite-de-donnees-les-deux-agences-dediees-a-la-cybersecurite-ont-ete-compromises_AV-202609300718.html']"
"2026-09-30";"confirmed";"Décoclim";"";"private_company";"";"['Nom, prénom', 'Adresse postale', 'Adresse email', 'Numéro de téléphone', 'Informations de commande']";"";"['https://bonjourlafuite.eu.org/img/decoclim.png']"
"2026-09-30";"confirmed";"Scribd";"";"private_company";"";"['Informations de base', 'Informations plus sensibles']";"";"['https://support.scribd.com/hc/fr/articles/53787421531284-Informations-concernant-l-incident-de-s%C3%A9curit%C3%A9-r%C3%A9cent']"
"2026-10-01";"confirmed";"Orkyn";"";"private_company";"";"['Nom, prénom', 'Genre', 'Date de naissance', 'Numéro de sécurité sociale', 'Code patient', 'Données liées à la prise en charge', 'Dates et commentaires des visites', 'Nom des médecins prescripteurs', 'Date de fin de prescription', 'Données d’installation et de livraison de matériel', 'Télésuivi', 'Données de santé', 'Thérapie', 'Observance', 'Donnés de facturation', 'Code LPP']";"True";"['https://bonjourlafuite.eu.org/img/orkyn.png']"
"2026-10-02";"confirmed";"LDLC";"";"private_company";"";"['Nom, prénom', 'Adresse postale', 'Adresse email', 'Numéro de téléphone', 'Numéro de fax', 'Langue', 'Salutation', 'Codes clients techniques', 'Type de client (particulier/professionnel)', 'Date de dernière connexion', 'Date d’inscription']";"";"['https://bonjourlafuite.eu.org/img/ldlc-2.png']"
"2026-10-02";"confirmed";"Région Hauts-de-France";"Atexo";"private_company";"";"['Nom, prénom', 'Adresse email']";"";"['https://bonjourlafuite.eu.org/img/hauts-de-france.jpg']"
"2026-10-04";"confirmed";"Digit RE group";"";"private_company";"";"['Nom, prénom', 'Adresse email', 'Numéro de téléphone']";"";"['https://bonjourlafuite.eu.org/img/digitregroup.png']"
"2026-10-06";"confirmed";"Hespéride";"";"private_company";"";"['Nom, prénom', 'Adresse postale', 'Adresse email', 'Numéro de téléphone']";"";"['https://bonjourlafuite.eu.org/img/hesperide.png']"
"2026-10-06";"confirmed";"MGEL";"";"private_company";"";"['Nom, prénom', 'Adresse postale', 'Numéro de téléphone', 'Date de naissance', 'Numéro de sécurité sociale', 'Numéro d’adhérent', 'Coordonnées bancaires']";"True";"['https://bonjourlafuite.eu.org/img/mgel.png']"
"2026-10-06";"confirmed";"Maileva";"";"private_company";"";"['Nom, prénom', 'Adresse postale', 'Adresse email', 'Login', 'Suivi des courriers', 'IBAN', 'Factures', 'Émetteurs et destinataires des courriers']";"True";"['https://bonjourlafuite.eu.org/img/maileva.png']"
"2026-10-07";"confirmed";"CNAM";"";"private_company";"";"['Nom, prénom', 'Date de naissance', 'Département et ville de naissance']";"";"['https://bonjourlafuite.eu.org/img/cnam-2.png']"
"2026-10-07";"confirmed";"WayToMe";"";"private_company";"";"['Adresse email']";"";"['https://bonjourlafuite.eu.org/img/waytome.png']"
